,mean_fit_time,std_fit_time,mean_score_time,std_score_time,param_convergence_interval,param_gate_arg2,param_gate_fn,param_init_scale,param_n_ancilla,param_n_iters,param_n_ops,param_n_ops_score,param_n_samples,param_n_samples_score,param_n_sigmas,param_param_noise,param_spin_sym,param_stepsize,params,split0_test_score,mean_test_score,std_test_score,rank_test_score
0,852.3732664585114,0.0,3.487065553665161,0.0,200,2,local_gates,0.0001,0,10000,1000,1000,1000,1000,1.0,0.0,False,0.0001,"{'convergence_interval': np.int64(200), 'gate_arg2': np.int64(2), 'gate_fn': np.str_('local_gates'), 'init_scale': np.float64(0.0001), 'n_ancilla': np.int64(0), 'n_iters': np.int64(10000), 'n_ops': np.int64(1000), 'n_ops_score': np.int64(1000), 'n_samples': np.int64(1000), 'n_samples_score': np.int64(1000), 'n_sigmas': np.float64(1.0), 'param_noise': np.float64(0.0), 'spin_sym': np.False_, 'stepsize': np.float64(0.0001)}",-0.0185523022994728,-0.0185523022994728,0.0,83
1,144.38112545013428,0.0,2.2783865928649902,0.0,200,2,local_gates,0.0001,0,10000,1000,1000,1000,1000,1.0,0.0,False,0.001,"{'convergence_interval': np.int64(200), 'gate_arg2': np.int64(2), 'gate_fn': np.str_('local_gates'), 'init_scale': np.float64(0.0001), 'n_ancilla': np.int64(0), 'n_iters': np.int64(10000), 'n_ops': np.int64(1000), 'n_ops_score': np.int64(1000), 'n_samples': np.int64(1000), 'n_samples_score': np.int64(1000), 'n_sigmas': np.float64(1.0), 'param_noise': np.float64(0.0), 'spin_sym': np.False_, 'stepsize': np.float64(0.001)}",-0.0183042413304062,-0.0183042413304062,0.0,73
2,133.29371047019958,0.0,2.468397617340088,0.0,200,2,local_gates,0.0001,0,10000,1000,1000,1000,1000,1.0,0.0,False,0.01,"{'convergence_interval': np.int64(200), 'gate_arg2': np.int64(2), 'gate_fn': np.str_('local_gates'), 'init_scale': np.float64(0.0001), 'n_ancilla': np.int64(0), 'n_iters': np.int64(10000), 'n_ops': np.int64(1000), 'n_ops_score': np.int64(1000), 'n_samples': np.int64(1000), 'n_samples_score': np.int64(1000), 'n_sigmas': np.float64(1.0), 'param_noise': np.float64(0.0), 'spin_sym': np.False_, 'stepsize': np.float64(0.01)}",-0.018025272074343974,-0.018025272074343974,0.0,65
3,846.37681889534,0.0,4.634127855300903,0.0,200,2,local_gates,0.0001,0,10000,1000,1000,1000,1000,1.0,0.0001,False,0.0001,"{'convergence_interval': np.int64(200), 'gate_arg2': np.int64(2), 'gate_fn': np.str_('local_gates'), 'init_scale': np.float64(0.0001), 'n_ancilla': np.int64(0), 'n_iters': np.int64(10000), 'n_ops': np.int64(1000), 'n_ops_score': np.int64(1000), 'n_samples': np.int64(1000), 'n_samples_score': np.int64(1000), 'n_sigmas': np.float64(1.0), 'param_noise': np.float64(0.0001), 'spin_sym': np.False_, 'stepsize': np.float64(0.0001)}",-0.0185523022994728,-0.0185523022994728,0.0,83
4,144.41931796073914,0.0,2.7235889434814453,0.0,200,2,local_gates,0.0001,0,10000,1000,1000,1000,1000,1.0,0.0001,False,0.001,"{'convergence_interval': np.int64(200), 'gate_arg2': np.int64(2), 'gate_fn': np.str_('local_gates'), 'init_scale': np.float64(0.0001), 'n_ancilla': np.int64(0), 'n_iters': np.int64(10000), 'n_ops': np.int64(1000), 'n_ops_score': np.int64(1000), 'n_samples': np.int64(1000), 'n_samples_score': np.int64(1000), 'n_sigmas': np.float64(1.0), 'param_noise': np.float64(0.0001), 'spin_sym': np.False_, 'stepsize': np.float64(0.001)}",-0.0183042413304062,-0.0183042413304062,0.0,73
5,132.10629177093506,0.0,2.1435835361480713,0.0,200,2,local_gates,0.0001,0,10000,1000,1000,1000,1000,1.0,0.0001,False,0.01,"{'convergence_interval': np.int64(200), 'gate_arg2': np.int64(2), 'gate_fn': np.str_('local_gates'), 'init_scale': np.float64(0.0001), 'n_ancilla': np.int64(0), 'n_iters': np.int64(10000), 'n_ops': np.int64(1000), 'n_ops_score': np.int64(1000), 'n_samples': np.int64(1000), 'n_samples_score': np.int64(1000), 'n_sigmas': np.float64(1.0), 'param_noise': np.float64(0.0001), 'spin_sym': np.False_, 'stepsize': np.float64(0.01)}",-0.018025272074343974,-0.018025272074343974,0.0,65
6,769.450217962265,0.0,4.649394989013672,0.0,200,2,local_gates,0.0001,8,10000,1000,1000,1000,1000,1.0,0.0,False,0.0001,"{'convergence_interval': np.int64(200), 'gate_arg2': np.int64(2), 'gate_fn': np.str_('local_gates'), 'init_scale': np.float64(0.0001), 'n_ancilla': np.int64(8), 'n_iters': np.int64(10000), 'n_ops': np.int64(1000), 'n_ops_score': np.int64(1000), 'n_samples': np.int64(1000), 'n_samples_score': np.int64(1000), 'n_sigmas': np.float64(1.0), 'param_noise': np.float64(0.0), 'spin_sym': np.False_, 'stepsize': np.float64(0.0001)}",-0.01877253590319527,-0.01877253590319527,0.0,91
7,149.6727273464203,0.0,2.7250328063964844,0.0,200,2,local_gates,0.0001,8,10000,1000,1000,1000,1000,1.0,0.0,False,0.001,"{'convergence_interval': np.int64(200), 'gate_arg2': np.int64(2), 'gate_fn': np.str_('local_gates'), 'init_scale': np.float64(0.0001), 'n_ancilla': np.int64(8), 'n_iters': np.int64(10000), 'n_ops': np.int64(1000), 'n_ops_score': np.int64(1000), 'n_samples': np.int64(1000), 'n_samples_score': np.int64(1000), 'n_sigmas': np.float64(1.0), 'param_noise': np.float64(0.0), 'spin_sym': np.False_, 'stepsize': np.float64(0.001)}",-0.01831041145598935,-0.01831041145598935,0.0,75
8,123.80591154098511,0.0,2.364903211593628,0.0,200,2,local_gates,0.0001,8,10000,1000,1000,1000,1000,1.0,0.0,False,0.01,"{'convergence_interval': np.int64(200), 'gate_arg2': np.int64(2), 'gate_fn': np.str_('local_gates'), 'init_scale': np.float64(0.0001), 'n_ancilla': np.int64(8), 'n_iters': np.int64(10000), 'n_ops': np.int64(1000), 'n_ops_score': np.int64(1000), 'n_samples': np.int64(1000), 'n_samples_score': np.int64(1000), 'n_sigmas': np.float64(1.0), 'param_noise': np.float64(0.0), 'spin_sym': np.False_, 'stepsize': np.float64(0.01)}",-0.013782800632402472,-0.013782800632402472,0.0,53
9,767.332273721695,0.0,3.9390480518341064,0.0,200,2,local_gates,0.0001,8,10000,1000,1000,1000,1000,1.0,0.0001,False,0.0001,"{'convergence_interval': np.int64(200), 'gate_arg2': np.int64(2), 'gate_fn': np.str_('local_gates'), 'init_scale': np.float64(0.0001), 'n_ancilla': np.int64(8), 'n_iters': np.int64(10000), 'n_ops': np.int64(1000), 'n_ops_score': np.int64(1000), 'n_samples': np.int64(1000), 'n_samples_score': np.int64(1000), 'n_sigmas': np.float64(1.0), 'param_noise': np.float64(0.0001), 'spin_sym': np.False_, 'stepsize': np.float64(0.0001)}",-0.01877253590319527,-0.01877253590319527,0.0,91
10,147.2566783428192,0.0,2.7389931678771973,0.0,200,2,local_gates,0.0001,8,10000,1000,1000,1000,1000,1.0,0.0001,False,0.001,"{'convergence_interval': np.int64(200), 'gate_arg2': np.int64(2), 'gate_fn': np.str_('local_gates'), 'init_scale': np.float64(0.0001), 'n_ancilla': np.int64(8), 'n_iters': np.int64(10000), 'n_ops': np.int64(1000), 'n_ops_score': np.int64(1000), 'n_samples': np.int64(1000), 'n_samples_score': np.int64(1000), 'n_sigmas': np.float64(1.0), 'param_noise': np.float64(0.0001), 'spin_sym': np.False_, 'stepsize': np.float64(0.001)}",-0.01831041145598935,-0.01831041145598935,0.0,75
11,123.7653295993805,0.0,2.224714517593384,0.0,200,2,local_gates,0.0001,8,10000,1000,1000,1000,1000,1.0,0.0001,False,0.01,"{'convergence_interval': np.int64(200), 'gate_arg2': np.int64(2), 'gate_fn': np.str_('local_gates'), 'init_scale': np.float64(0.0001), 'n_ancilla': np.int64(8), 'n_iters': np.int64(10000), 'n_ops': np.int64(1000), 'n_ops_score': np.int64(1000), 'n_samples': np.int64(1000), 'n_samples_score': np.int64(1000), 'n_sigmas': np.float64(1.0), 'param_noise': np.float64(0.0001), 'spin_sym': np.False_, 'stepsize': np.float64(0.01)}",-0.013782800632402472,-0.013782800632402472,0.0,53
12,854.4262681007385,0.0,3.9750497341156006,0.0,200,2,local_gates,0.01,0,10000,1000,1000,1000,1000,1.0,0.0,False,0.0001,"{'convergence_interval': np.int64(200), 'gate_arg2': np.int64(2), 'gate_fn': np.str_('local_gates'), 'init_scale': np.float64(0.01), 'n_ancilla': np.int64(0), 'n_iters': np.int64(10000), 'n_ops': np.int64(1000), 'n_ops_score': np.int64(1000), 'n_samples': np.int64(1000), 'n_samples_score': np.int64(1000), 'n_sigmas': np.float64(1.0), 'param_noise': np.float64(0.0), 'spin_sym': np.False_, 'stepsize': np.float64(0.0001)}",-0.01872603063278256,-0.01872603063278256,0.0,89
13,135.57132005691528,0.0,2.5102038383483887,0.0,200,2,local_gates,0.01,0,10000,1000,1000,1000,1000,1.0,0.0,False,0.001,"{'convergence_interval': np.int64(200), 'gate_arg2': np.int64(2), 'gate_fn': np.str_('local_gates'), 'init_scale': np.float64(0.01), 'n_ancilla': np.int64(0), 'n_iters': np.int64(10000), 'n_ops': np.int64(1000), 'n_ops_score': np.int64(1000), 'n_samples': np.int64(1000), 'n_samples_score': np.int64(1000), 'n_sigmas': np.float64(1.0), 'param_noise': np.float64(0.0), 'spin_sym': np.False_, 'stepsize': np.float64(0.001)}",-0.0186623570004397,-0.0186623570004397,0.0,87
14,90.99323153495789,0.0,2.3596742153167725,0.0,200,2,local_gates,0.01,0,10000,1000,1000,1000,1000,1.0,0.0,False,0.01,"{'convergence_interval': np.int64(200), 'gate_arg2': np.int64(2), 'gate_fn': np.str_('local_gates'), 'init_scale': np.float64(0.01), 'n_ancilla': np.int64(0), 'n_iters': np.int64(10000), 'n_ops': np.int64(1000), 'n_ops_score': np.int64(1000), 'n_samples': np.int64(1000), 'n_samples_score': np.int64(1000), 'n_sigmas': np.float64(1.0), 'param_noise': np.float64(0.0), 'spin_sym': np.False_, 'stepsize': np.float64(0.01)}",-0.018926891783583845,-0.018926891783583845,0.0,97
15,862.4934737682343,0.0,4.834360361099243,0.0,200,2,local_gates,0.01,0,10000,1000,1000,1000,1000,1.0,0.0001,False,0.0001,"{'convergence_interval': np.int64(200), 'gate_arg2': np.int64(2), 'gate_fn': np.str_('local_gates'), 'init_scale': np.float64(0.01), 'n_ancilla': np.int64(0), 'n_iters': np.int64(10000), 'n_ops': np.int64(1000), 'n_ops_score': np.int64(1000), 'n_samples': np.int64(1000), 'n_samples_score': np.int64(1000), 'n_sigmas': np.float64(1.0), 'param_noise': np.float64(0.0001), 'spin_sym': np.False_, 'stepsize': np.float64(0.0001)}",-0.01872603063278256,-0.01872603063278256,0.0,89
16,136.90860033035278,0.0,2.400322198867798,0.0,200,2,local_gates,0.01,0,10000,1000,1000,1000,1000,1.0,0.0001,False,0.001,"{'convergence_interval': np.int64(200), 'gate_arg2': np.int64(2), 'gate_fn': np.str_('local_gates'), 'init_scale': np.float64(0.01), 'n_ancilla': np.int64(0), 'n_iters': np.int64(10000), 'n_ops': np.int64(1000), 'n_ops_score': np.int64(1000), 'n_samples': np.int64(1000), 'n_samples_score': np.int64(1000), 'n_sigmas': np.float64(1.0), 'param_noise': np.float64(0.0001), 'spin_sym': np.False_, 'stepsize': np.float64(0.001)}",-0.0186623570004397,-0.0186623570004397,0.0,87
17,90.40108489990234,0.0,1.9767277240753174,0.0,200,2,local_gates,0.01,0,10000,1000,1000,1000,1000,1.0,0.0001,False,0.01,"{'convergence_interval': np.int64(200), 'gate_arg2': np.int64(2), 'gate_fn': np.str_('local_gates'), 'init_scale': np.float64(0.01), 'n_ancilla': np.int64(0), 'n_iters': np.int64(10000), 'n_ops': np.int64(1000), 'n_ops_score': np.int64(1000), 'n_samples': np.int64(1000), 'n_samples_score': np.int64(1000), 'n_sigmas': np.float64(1.0), 'param_noise': np.float64(0.0001), 'spin_sym': np.False_, 'stepsize': np.float64(0.01)}",-0.018926891783583845,-0.018926891783583845,0.0,97
18,558.7705812454224,0.0,3.7425808906555176,0.0,200,2,local_gates,0.01,8,10000,1000,1000,1000,1000,1.0,0.0,False,0.0001,"{'convergence_interval': np.int64(200), 'gate_arg2': np.int64(2), 'gate_fn': np.str_('local_gates'), 'init_scale': np.float64(0.01), 'n_ancilla': np.int64(8), 'n_iters': np.int64(10000), 'n_ops': np.int64(1000), 'n_ops_score': np.int64(1000), 'n_samples': np.int64(1000), 'n_samples_score': np.int64(1000), 'n_sigmas': np.float64(1.0), 'param_noise': np.float64(0.0), 'spin_sym': np.False_, 'stepsize': np.float64(0.0001)}",-0.019071206916872793,-0.019071206916872793,0.0,99
19,435.83809423446655,0.0,3.7130513191223145,0.0,200,2,local_gates,0.01,8,10000,1000,1000,1000,1000,1.0,0.0,False,0.001,"{'convergence_interval': np.int64(200), 'gate_arg2': np.int64(2), 'gate_fn': np.str_('local_gates'), 'init_scale': np.float64(0.01), 'n_ancilla': np.int64(8), 'n_iters': np.int64(10000), 'n_ops': np.int64(1000), 'n_ops_score': np.int64(1000), 'n_samples': np.int64(1000), 'n_samples_score': np.int64(1000), 'n_sigmas': np.float64(1.0), 'param_noise': np.float64(0.0), 'spin_sym': np.False_, 'stepsize': np.float64(0.001)}",-0.012944610024598685,-0.012944610024598685,0.0,41
20,128.87512230873108,0.0,2.121642827987671,0.0,200,2,local_gates,0.01,8,10000,1000,1000,1000,1000,1.0,0.0,False,0.01,"{'convergence_interval': np.int64(200), 'gate_arg2': np.int64(2), 'gate_fn': np.str_('local_gates'), 'init_scale': np.float64(0.01), 'n_ancilla': np.int64(8), 'n_iters': np.int64(10000), 'n_ops': np.int64(1000), 'n_ops_score': np.int64(1000), 'n_samples': np.int64(1000), 'n_samples_score': np.int64(1000), 'n_sigmas': np.float64(1.0), 'param_noise': np.float64(0.0), 'spin_sym': np.False_, 'stepsize': np.float64(0.01)}",-0.013626962402538365,-0.013626962402538365,0.0,47
21,550.5925495624542,0.0,3.48012375831604,0.0,200,2,local_gates,0.01,8,10000,1000,1000,1000,1000,1.0,0.0001,False,0.0001,"{'convergence_interval': np.int64(200), 'gate_arg2': np.int64(2), 'gate_fn': np.str_('local_gates'), 'init_scale': np.float64(0.01), 'n_ancilla': np.int64(8), 'n_iters': np.int64(10000), 'n_ops': np.int64(1000), 'n_ops_score': np.int64(1000), 'n_samples': np.int64(1000), 'n_samples_score': np.int64(1000), 'n_sigmas': np.float64(1.0), 'param_noise': np.float64(0.0001), 'spin_sym': np.False_, 'stepsize': np.float64(0.0001)}",-0.019071206916872793,-0.019071206916872793,0.0,99
22,435.7906403541565,0.0,3.7572743892669678,0.0,200,2,local_gates,0.01,8,10000,1000,1000,1000,1000,1.0,0.0001,False,0.001,"{'convergence_interval': np.int64(200), 'gate_arg2': np.int64(2), 'gate_fn': np.str_('local_gates'), 'init_scale': np.float64(0.01), 'n_ancilla': np.int64(8), 'n_iters': np.int64(10000), 'n_ops': np.int64(1000), 'n_ops_score': np.int64(1000), 'n_samples': np.int64(1000), 'n_samples_score': np.int64(1000), 'n_sigmas': np.float64(1.0), 'param_noise': np.float64(0.0001), 'spin_sym': np.False_, 'stepsize': np.float64(0.001)}",-0.012944610024598685,-0.012944610024598685,0.0,41
23,130.04398679733276,0.0,2.656672954559326,0.0,200,2,local_gates,0.01,8,10000,1000,1000,1000,1000,1.0,0.0001,False,0.01,"{'convergence_interval': np.int64(200), 'gate_arg2': np.int64(2), 'gate_fn': np.str_('local_gates'), 'init_scale': np.float64(0.01), 'n_ancilla': np.int64(8), 'n_iters': np.int64(10000), 'n_ops': np.int64(1000), 'n_ops_score': np.int64(1000), 'n_samples': np.int64(1000), 'n_samples_score': np.int64(1000), 'n_sigmas': np.float64(1.0), 'param_noise': np.float64(0.0001), 'spin_sym': np.False_, 'stepsize': np.float64(0.01)}",-0.013626962402538365,-0.013626962402538365,0.0,47
24,86.53380346298218,0.0,2.7136762142181396,0.0,200,2,local_gates,1.0,0,10000,1000,1000,1000,1000,1.0,0.0,False,0.0001,"{'convergence_interval': np.int64(200), 'gate_arg2': np.int64(2), 'gate_fn': np.str_('local_gates'), 'init_scale': np.float64(1.0), 'n_ancilla': np.int64(0), 'n_iters': np.int64(10000), 'n_ops': np.int64(1000), 'n_ops_score': np.int64(1000), 'n_samples': np.int64(1000), 'n_samples_score': np.int64(1000), 'n_sigmas': np.float64(1.0), 'param_noise': np.float64(0.0), 'spin_sym': np.False_, 'stepsize': np.float64(0.0001)}",-0.06889424390657468,-0.06889424390657468,0.0,123
25,249.37729263305664,0.0,3.3172342777252197,0.0,200,2,local_gates,1.0,0,10000,1000,1000,1000,1000,1.0,0.0,False,0.001,"{'convergence_interval': np.int64(200), 'gate_arg2': np.int64(2), 'gate_fn': np.str_('local_gates'), 'init_scale': np.float64(1.0), 'n_ancilla': np.int64(0), 'n_iters': np.int64(10000), 'n_ops': np.int64(1000), 'n_ops_score': np.int64(1000), 'n_samples': np.int64(1000), 'n_samples_score': np.int64(1000), 'n_sigmas': np.float64(1.0), 'param_noise': np.float64(0.0), 'spin_sym': np.False_, 'stepsize': np.float64(0.001)}",-0.05797468636041919,-0.05797468636041919,0.0,121
26,143.67634534835815,0.0,2.6695988178253174,0.0,200,2,local_gates,1.0,0,10000,1000,1000,1000,1000,1.0,0.0,False,0.01,"{'convergence_interval': np.int64(200), 'gate_arg2': np.int64(2), 'gate_fn': np.str_('local_gates'), 'init_scale': np.float64(1.0), 'n_ancilla': np.int64(0), 'n_iters': np.int64(10000), 'n_ops': np.int64(1000), 'n_ops_score': np.int64(1000), 'n_samples': np.int64(1000), 'n_samples_score': np.int64(1000), 'n_sigmas': np.float64(1.0), 'param_noise': np.float64(0.0), 'spin_sym': np.False_, 'stepsize': np.float64(0.01)}",-0.01851055439093519,-0.01851055439093519,0.0,81
27,86.56792426109314,0.0,2.3090105056762695,0.0,200,2,local_gates,1.0,0,10000,1000,1000,1000,1000,1.0,0.0001,False,0.0001,"{'convergence_interval': np.int64(200), 'gate_arg2': np.int64(2), 'gate_fn': np.str_('local_gates'), 'init_scale': np.float64(1.0), 'n_ancilla': np.int64(0), 'n_iters': np.int64(10000), 'n_ops': np.int64(1000), 'n_ops_score': np.int64(1000), 'n_samples': np.int64(1000), 'n_samples_score': np.int64(1000), 'n_sigmas': np.float64(1.0), 'param_noise': np.float64(0.0001), 'spin_sym': np.False_, 'stepsize': np.float64(0.0001)}",-0.06889424390657468,-0.06889424390657468,0.0,123
28,248.90385007858276,0.0,3.0899529457092285,0.0,200,2,local_gates,1.0,0,10000,1000,1000,1000,1000,1.0,0.0001,False,0.001,"{'convergence_interval': np.int64(200), 'gate_arg2': np.int64(2), 'gate_fn': np.str_('local_gates'), 'init_scale': np.float64(1.0), 'n_ancilla': np.int64(0), 'n_iters': np.int64(10000), 'n_ops': np.int64(1000), 'n_ops_score': np.int64(1000), 'n_samples': np.int64(1000), 'n_samples_score': np.int64(1000), 'n_sigmas': np.float64(1.0), 'param_noise': np.float64(0.0001), 'spin_sym': np.False_, 'stepsize': np.float64(0.001)}",-0.05797468636041919,-0.05797468636041919,0.0,121
29,144.39589619636536,0.0,2.239396333694458,0.0,200,2,local_gates,1.0,0,10000,1000,1000,1000,1000,1.0,0.0001,False,0.01,"{'convergence_interval': np.int64(200), 'gate_arg2': np.int64(2), 'gate_fn': np.str_('local_gates'), 'init_scale': np.float64(1.0), 'n_ancilla': np.int64(0), 'n_iters': np.int64(10000), 'n_ops': np.int64(1000), 'n_ops_score': np.int64(1000), 'n_samples': np.int64(1000), 'n_samples_score': np.int64(1000), 'n_sigmas': np.float64(1.0), 'param_noise': np.float64(0.0001), 'spin_sym': np.False_, 'stepsize': np.float64(0.01)}",-0.01851055439093519,-0.01851055439093519,0.0,81
30,90.73882389068604,0.0,2.5601799488067627,0.0,200,2,local_gates,1.0,8,10000,1000,1000,1000,1000,1.0,0.0,False,0.0001,"{'convergence_interval': np.int64(200), 'gate_arg2': np.int64(2), 'gate_fn': np.str_('local_gates'), 'init_scale': np.float64(1.0), 'n_ancilla': np.int64(8), 'n_iters': np.int64(10000), 'n_ops': np.int64(1000), 'n_ops_score': np.int64(1000), 'n_samples': np.int64(1000), 'n_samples_score': np.int64(1000), 'n_sigmas': np.float64(1.0), 'param_noise': np.float64(0.0), 'spin_sym': np.False_, 'stepsize': np.float64(0.0001)}",-0.06954817710492708,-0.06954817710492708,0.0,125
31,262.42001485824585,0.0,3.6862947940826416,0.0,200,2,local_gates,1.0,8,10000,1000,1000,1000,1000,1.0,0.0,False,0.001,"{'convergence_interval': np.int64(200), 'gate_arg2': np.int64(2), 'gate_fn': np.str_('local_gates'), 'init_scale': np.float64(1.0), 'n_ancilla': np.int64(8), 'n_iters': np.int64(10000), 'n_ops': np.int64(1000), 'n_ops_score': np.int64(1000), 'n_samples': np.int64(1000), 'n_samples_score': np.int64(1000), 'n_sigmas': np.float64(1.0), 'param_noise': np.float64(0.0), 'spin_sym': np.False_, 'stepsize': np.float64(0.001)}",-0.057791559828936315,-0.057791559828936315,0.0,115
32,162.23102688789368,0.0,2.546191453933716,0.0,200,2,local_gates,1.0,8,10000,1000,1000,1000,1000,1.0,0.0,False,0.01,"{'convergence_interval': np.int64(200), 'gate_arg2': np.int64(2), 'gate_fn': np.str_('local_gates'), 'init_scale': np.float64(1.0), 'n_ancilla': np.int64(8), 'n_iters': np.int64(10000), 'n_ops': np.int64(1000), 'n_ops_score': np.int64(1000), 'n_samples': np.int64(1000), 'n_samples_score': np.int64(1000), 'n_sigmas': np.float64(1.0), 'param_noise': np.float64(0.0), 'spin_sym': np.False_, 'stepsize': np.float64(0.01)}",-0.014265760663493925,-0.014265760663493925,0.0,59
33,90.7662262916565,0.0,2.2665762901306152,0.0,200,2,local_gates,1.0,8,10000,1000,1000,1000,1000,1.0,0.0001,False,0.0001,"{'convergence_interval': np.int64(200), 'gate_arg2': np.int64(2), 'gate_fn': np.str_('local_gates'), 'init_scale': np.float64(1.0), 'n_ancilla': np.int64(8), 'n_iters': np.int64(10000), 'n_ops': np.int64(1000), 'n_ops_score': np.int64(1000), 'n_samples': np.int64(1000), 'n_samples_score': np.int64(1000), 'n_sigmas': np.float64(1.0), 'param_noise': np.float64(0.0001), 'spin_sym': np.False_, 'stepsize': np.float64(0.0001)}",-0.06954817710492708,-0.06954817710492708,0.0,125
34,264.24402117729187,0.0,2.975876569747925,0.0,200,2,local_gates,1.0,8,10000,1000,1000,1000,1000,1.0,0.0001,False,0.001,"{'convergence_interval': np.int64(200), 'gate_arg2': np.int64(2), 'gate_fn': np.str_('local_gates'), 'init_scale': np.float64(1.0), 'n_ancilla': np.int64(8), 'n_iters': np.int64(10000), 'n_ops': np.int64(1000), 'n_ops_score': np.int64(1000), 'n_samples': np.int64(1000), 'n_samples_score': np.int64(1000), 'n_sigmas': np.float64(1.0), 'param_noise': np.float64(0.0001), 'spin_sym': np.False_, 'stepsize': np.float64(0.001)}",-0.057791559828936315,-0.057791559828936315,0.0,115
35,159.8796899318695,0.0,2.9957211017608643,0.0,200,2,local_gates,1.0,8,10000,1000,1000,1000,1000,1.0,0.0001,False,0.01,"{'convergence_interval': np.int64(200), 'gate_arg2': np.int64(2), 'gate_fn': np.str_('local_gates'), 'init_scale': np.float64(1.0), 'n_ancilla': np.int64(8), 'n_iters': np.int64(10000), 'n_ops': np.int64(1000), 'n_ops_score': np.int64(1000), 'n_samples': np.int64(1000), 'n_samples_score': np.int64(1000), 'n_sigmas': np.float64(1.0), 'param_noise': np.float64(0.0001), 'spin_sym': np.False_, 'stepsize': np.float64(0.01)}",-0.014265760663493925,-0.014265760663493925,0.0,59
36,875.9461920261383,0.0,4.8857433795928955,0.0,200,2,local_gates,-1.0,0,10000,1000,1000,1000,1000,1.0,0.0,False,0.0001,"{'convergence_interval': np.int64(200), 'gate_arg2': np.int64(2), 'gate_fn': np.str_('local_gates'), 'init_scale': np.float64(-1.0), 'n_ancilla': np.int64(0), 'n_iters': np.int64(10000), 'n_ops': np.int64(1000), 'n_ops_score': np.int64(1000), 'n_samples': np.int64(1000), 'n_samples_score': np.int64(1000), 'n_sigmas': np.float64(1.0), 'param_noise': np.float64(0.0), 'spin_sym': np.False_, 'stepsize': np.float64(0.0001)}",-0.024375263571088275,-0.024375263571088275,0.0,113
37,232.89190030097961,0.0,3.3099944591522217,0.0,200,2,local_gates,-1.0,0,10000,1000,1000,1000,1000,1.0,0.0,False,0.001,"{'convergence_interval': np.int64(200), 'gate_arg2': np.int64(2), 'gate_fn': np.str_('local_gates'), 'init_scale': np.float64(-1.0), 'n_ancilla': np.int64(0), 'n_iters': np.int64(10000), 'n_ops': np.int64(1000), 'n_ops_score': np.int64(1000), 'n_samples': np.int64(1000), 'n_samples_score': np.int64(1000), 'n_sigmas': np.float64(1.0), 'param_noise': np.float64(0.0), 'spin_sym': np.False_, 'stepsize': np.float64(0.001)}",-0.019773593014334415,-0.019773593014334415,0.0,105
38,137.55964827537537,0.0,2.0797669887542725,0.0,200,2,local_gates,-1.0,0,10000,1000,1000,1000,1000,1.0,0.0,False,0.01,"{'convergence_interval': np.int64(200), 'gate_arg2': np.int64(2), 'gate_fn': np.str_('local_gates'), 'init_scale': np.float64(-1.0), 'n_ancilla': np.int64(0), 'n_iters': np.int64(10000), 'n_ops': np.int64(1000), 'n_ops_score': np.int64(1000), 'n_samples': np.int64(1000), 'n_samples_score': np.int64(1000), 'n_sigmas': np.float64(1.0), 'param_noise': np.float64(0.0), 'spin_sym': np.False_, 'stepsize': np.float64(0.01)}",-0.01858933214208274,-0.01858933214208274,0.0,85
39,888.4557871818542,0.0,4.274713039398193,0.0,200,2,local_gates,-1.0,0,10000,1000,1000,1000,1000,1.0,0.0001,False,0.0001,"{'convergence_interval': np.int64(200), 'gate_arg2': np.int64(2), 'gate_fn': np.str_('local_gates'), 'init_scale': np.float64(-1.0), 'n_ancilla': np.int64(0), 'n_iters': np.int64(10000), 'n_ops': np.int64(1000), 'n_ops_score': np.int64(1000), 'n_samples': np.int64(1000), 'n_samples_score': np.int64(1000), 'n_sigmas': np.float64(1.0), 'param_noise': np.float64(0.0001), 'spin_sym': np.False_, 'stepsize': np.float64(0.0001)}",-0.024375263571088275,-0.024375263571088275,0.0,113
40,256.13447976112366,0.0,3.6079163551330566,0.0,200,2,local_gates,-1.0,0,10000,1000,1000,1000,1000,1.0,0.0001,False,0.001,"{'convergence_interval': np.int64(200), 'gate_arg2': np.int64(2), 'gate_fn': np.str_('local_gates'), 'init_scale': np.float64(-1.0), 'n_ancilla': np.int64(0), 'n_iters': np.int64(10000), 'n_ops': np.int64(1000), 'n_ops_score': np.int64(1000), 'n_samples': np.int64(1000), 'n_samples_score': np.int64(1000), 'n_sigmas': np.float64(1.0), 'param_noise': np.float64(0.0001), 'spin_sym': np.False_, 'stepsize': np.float64(0.001)}",-0.019773593014334415,-0.019773593014334415,0.0,105
41,153.041077375412,0.0,3.5056490898132324,0.0,200,2,local_gates,-1.0,0,10000,1000,1000,1000,1000,1.0,0.0001,False,0.01,"{'convergence_interval': np.int64(200), 'gate_arg2': np.int64(2), 'gate_fn': np.str_('local_gates'), 'init_scale': np.float64(-1.0), 'n_ancilla': np.int64(0), 'n_iters': np.int64(10000), 'n_ops': np.int64(1000), 'n_ops_score': np.int64(1000), 'n_samples': np.int64(1000), 'n_samples_score': np.int64(1000), 'n_sigmas': np.float64(1.0), 'param_noise': np.float64(0.0001), 'spin_sym': np.False_, 'stepsize': np.float64(0.01)}",-0.01858933214208274,-0.01858933214208274,0.0,85
42,94.19589328765869,0.0,3.0755183696746826,0.0,200,2,local_gates,-1.0,8,10000,1000,1000,1000,1000,1.0,0.0,False,0.0001,"{'convergence_interval': np.int64(200), 'gate_arg2': np.int64(2), 'gate_fn': np.str_('local_gates'), 'init_scale': np.float64(-1.0), 'n_ancilla': np.int64(8), 'n_iters': np.int64(10000), 'n_ops': np.int64(1000), 'n_ops_score': np.int64(1000), 'n_samples': np.int64(1000), 'n_samples_score': np.int64(1000), 'n_sigmas': np.float64(1.0), 'param_noise': np.float64(0.0), 'spin_sym': np.False_, 'stepsize': np.float64(0.0001)}",-0.07085971881131899,-0.07085971881131899,0.0,131
43,281.6259276866913,0.0,3.4958269596099854,0.0,200,2,local_gates,-1.0,8,10000,1000,1000,1000,1000,1.0,0.0,False,0.001,"{'convergence_interval': np.int64(200), 'gate_arg2': np.int64(2), 'gate_fn': np.str_('local_gates'), 'init_scale': np.float64(-1.0), 'n_ancilla': np.int64(8), 'n_iters': np.int64(10000), 'n_ops': np.int64(1000), 'n_ops_score': np.int64(1000), 'n_samples': np.int64(1000), 'n_samples_score': np.int64(1000), 'n_sigmas': np.float64(1.0), 'param_noise': np.float64(0.0), 'spin_sym': np.False_, 'stepsize': np.float64(0.001)}",-0.023079408552386677,-0.023079408552386677,0.0,107
44,231.1469020843506,0.0,3.391738176345825,0.0,200,2,local_gates,-1.0,8,10000,1000,1000,1000,1000,1.0,0.0,False,0.01,"{'convergence_interval': np.int64(200), 'gate_arg2': np.int64(2), 'gate_fn': np.str_('local_gates'), 'init_scale': np.float64(-1.0), 'n_ancilla': np.int64(8), 'n_iters': np.int64(10000), 'n_ops': np.int64(1000), 'n_ops_score': np.int64(1000), 'n_samples': np.int64(1000), 'n_samples_score': np.int64(1000), 'n_sigmas': np.float64(1.0), 'param_noise': np.float64(0.0), 'spin_sym': np.False_, 'stepsize': np.float64(0.01)}",-0.018047853262389967,-0.018047853262389967,0.0,67
45,93.82527828216553,0.0,3.154890298843384,0.0,200,2,local_gates,-1.0,8,10000,1000,1000,1000,1000,1.0,0.0001,False,0.0001,"{'convergence_interval': np.int64(200), 'gate_arg2': np.int64(2), 'gate_fn': np.str_('local_gates'), 'init_scale': np.float64(-1.0), 'n_ancilla': np.int64(8), 'n_iters': np.int64(10000), 'n_ops': np.int64(1000), 'n_ops_score': np.int64(1000), 'n_samples': np.int64(1000), 'n_samples_score': np.int64(1000), 'n_sigmas': np.float64(1.0), 'param_noise': np.float64(0.0001), 'spin_sym': np.False_, 'stepsize': np.float64(0.0001)}",-0.07085971881131899,-0.07085971881131899,0.0,131
46,287.42801666259766,0.0,3.766899347305298,0.0,200,2,local_gates,-1.0,8,10000,1000,1000,1000,1000,1.0,0.0001,False,0.001,"{'convergence_interval': np.int64(200), 'gate_arg2': np.int64(2), 'gate_fn': np.str_('local_gates'), 'init_scale': np.float64(-1.0), 'n_ancilla': np.int64(8), 'n_iters': np.int64(10000), 'n_ops': np.int64(1000), 'n_ops_score': np.int64(1000), 'n_samples': np.int64(1000), 'n_samples_score': np.int64(1000), 'n_sigmas': np.float64(1.0), 'param_noise': np.float64(0.0001), 'spin_sym': np.False_, 'stepsize': np.float64(0.001)}",-0.023079408552386677,-0.023079408552386677,0.0,107
47,248.01163411140442,0.0,3.2677202224731445,0.0,200,2,local_gates,-1.0,8,10000,1000,1000,1000,1000,1.0,0.0001,False,0.01,"{'convergence_interval': np.int64(200), 'gate_arg2': np.int64(2), 'gate_fn': np.str_('local_gates'), 'init_scale': np.float64(-1.0), 'n_ancilla': np.int64(8), 'n_iters': np.int64(10000), 'n_ops': np.int64(1000), 'n_ops_score': np.int64(1000), 'n_samples': np.int64(1000), 'n_samples_score': np.int64(1000), 'n_sigmas': np.float64(1.0), 'param_noise': np.float64(0.0001), 'spin_sym': np.False_, 'stepsize': np.float64(0.01)}",-0.018047853262389967,-0.018047853262389967,0.0,67
48,2532.089391708374,0.0,4.6714770793914795,0.0,200,4,local_gates,0.0001,0,10000,1000,1000,1000,1000,1.0,0.0,False,0.0001,"{'convergence_interval': np.int64(200), 'gate_arg2': np.int64(4), 'gate_fn': np.str_('local_gates'), 'init_scale': np.float64(0.0001), 'n_ancilla': np.int64(0), 'n_iters': np.int64(10000), 'n_ops': np.int64(1000), 'n_ops_score': np.int64(1000), 'n_samples': np.int64(1000), 'n_samples_score': np.int64(1000), 'n_sigmas': np.float64(1.0), 'param_noise': np.float64(0.0), 'spin_sym': np.False_, 'stepsize': np.float64(0.0001)}",-0.008102255344821683,-0.008102255344821683,0.0,23
49,429.7532732486725,0.0,4.3233489990234375,0.0,200,4,local_gates,0.0001,0,10000,1000,1000,1000,1000,1.0,0.0,False,0.001,"{'convergence_interval': np.int64(200), 'gate_arg2': np.int64(4), 'gate_fn': np.str_('local_gates'), 'init_scale': np.float64(0.0001), 'n_ancilla': np.int64(0), 'n_iters': np.int64(10000), 'n_ops': np.int64(1000), 'n_ops_score': np.int64(1000), 'n_samples': np.int64(1000), 'n_samples_score': np.int64(1000), 'n_sigmas': np.float64(1.0), 'param_noise': np.float64(0.0), 'spin_sym': np.False_, 'stepsize': np.float64(0.001)}",-0.007854382308515618,-0.007854382308515618,0.0,22
50,319.78371477127075,0.0,3.56653094291687,0.0,200,4,local_gates,0.0001,0,10000,1000,1000,1000,1000,1.0,0.0,False,0.01,"{'convergence_interval': np.int64(200), 'gate_arg2': np.int64(4), 'gate_fn': np.str_('local_gates'), 'init_scale': np.float64(0.0001), 'n_ancilla': np.int64(0), 'n_iters': np.int64(10000), 'n_ops': np.int64(1000), 'n_ops_score': np.int64(1000), 'n_samples': np.int64(1000), 'n_samples_score': np.int64(1000), 'n_sigmas': np.float64(1.0), 'param_noise': np.float64(0.0), 'spin_sym': np.False_, 'stepsize': np.float64(0.01)}",-0.009201970377671637,-0.009201970377671637,0.0,31
51,2295.6238248348236,0.0,4.304753303527832,0.0,200,4,local_gates,0.0001,0,10000,1000,1000,1000,1000,1.0,0.0001,False,0.0001,"{'convergence_interval': np.int64(200), 'gate_arg2': np.int64(4), 'gate_fn': np.str_('local_gates'), 'init_scale': np.float64(0.0001), 'n_ancilla': np.int64(0), 'n_iters': np.int64(10000), 'n_ops': np.int64(1000), 'n_ops_score': np.int64(1000), 'n_samples': np.int64(1000), 'n_samples_score': np.int64(1000), 'n_sigmas': np.float64(1.0), 'param_noise': np.float64(0.0001), 'spin_sym': np.False_, 'stepsize': np.float64(0.0001)}",-0.00816877712156951,-0.00816877712156951,0.0,24
52,431.5641131401062,0.0,3.8185653686523438,0.0,200,4,local_gates,0.0001,0,10000,1000,1000,1000,1000,1.0,0.0001,False,0.001,"{'convergence_interval': np.int64(200), 'gate_arg2': np.int64(4), 'gate_fn': np.str_('local_gates'), 'init_scale': np.float64(0.0001), 'n_ancilla': np.int64(0), 'n_iters': np.int64(10000), 'n_ops': np.int64(1000), 'n_ops_score': np.int64(1000), 'n_samples': np.int64(1000), 'n_samples_score': np.int64(1000), 'n_sigmas': np.float64(1.0), 'param_noise': np.float64(0.0001), 'spin_sym': np.False_, 'stepsize': np.float64(0.001)}",-0.00784423324958452,-0.00784423324958452,0.0,21
53,204.11034083366394,0.0,3.5797884464263916,0.0,200,4,local_gates,0.0001,0,10000,1000,1000,1000,1000,1.0,0.0001,False,0.01,"{'convergence_interval': np.int64(200), 'gate_arg2': np.int64(4), 'gate_fn': np.str_('local_gates'), 'init_scale': np.float64(0.0001), 'n_ancilla': np.int64(0), 'n_iters': np.int64(10000), 'n_ops': np.int64(1000), 'n_ops_score': np.int64(1000), 'n_samples': np.int64(1000), 'n_samples_score': np.int64(1000), 'n_sigmas': np.float64(1.0), 'param_noise': np.float64(0.0001), 'spin_sym': np.False_, 'stepsize': np.float64(0.01)}",-0.009628930297247536,-0.009628930297247536,0.0,32
54,857.1205306053162,0.0,5.350847244262695,0.0,200,4,local_gates,0.0001,8,10000,1000,1000,1000,1000,1.0,0.0,False,0.0001,"{'convergence_interval': np.int64(200), 'gate_arg2': np.int64(4), 'gate_fn': np.str_('local_gates'), 'init_scale': np.float64(0.0001), 'n_ancilla': np.int64(8), 'n_iters': np.int64(10000), 'n_ops': np.int64(1000), 'n_ops_score': np.int64(1000), 'n_samples': np.int64(1000), 'n_samples_score': np.int64(1000), 'n_sigmas': np.float64(1.0), 'param_noise': np.float64(0.0), 'spin_sym': np.False_, 'stepsize': np.float64(0.0001)}",-0.01877253590319527,-0.01877253590319527,0.0,91
55,184.1728699207306,0.0,3.4301350116729736,0.0,200,4,local_gates,0.0001,8,10000,1000,1000,1000,1000,1.0,0.0,False,0.001,"{'convergence_interval': np.int64(200), 'gate_arg2': np.int64(4), 'gate_fn': np.str_('local_gates'), 'init_scale': np.float64(0.0001), 'n_ancilla': np.int64(8), 'n_iters': np.int64(10000), 'n_ops': np.int64(1000), 'n_ops_score': np.int64(1000), 'n_samples': np.int64(1000), 'n_samples_score': np.int64(1000), 'n_sigmas': np.float64(1.0), 'param_noise': np.float64(0.0), 'spin_sym': np.False_, 'stepsize': np.float64(0.001)}",-0.01831041145598935,-0.01831041145598935,0.0,75
56,156.12293148040771,0.0,2.9574687480926514,0.0,200,4,local_gates,0.0001,8,10000,1000,1000,1000,1000,1.0,0.0,False,0.01,"{'convergence_interval': np.int64(200), 'gate_arg2': np.int64(4), 'gate_fn': np.str_('local_gates'), 'init_scale': np.float64(0.0001), 'n_ancilla': np.int64(8), 'n_iters': np.int64(10000), 'n_ops': np.int64(1000), 'n_ops_score': np.int64(1000), 'n_samples': np.int64(1000), 'n_samples_score': np.int64(1000), 'n_sigmas': np.float64(1.0), 'param_noise': np.float64(0.0), 'spin_sym': np.False_, 'stepsize': np.float64(0.01)}",-0.013782800632402472,-0.013782800632402472,0.0,53
57,863.546638250351,0.0,4.879287004470825,0.0,200,4,local_gates,0.0001,8,10000,1000,1000,1000,1000,1.0,0.0001,False,0.0001,"{'convergence_interval': np.int64(200), 'gate_arg2': np.int64(4), 'gate_fn': np.str_('local_gates'), 'init_scale': np.float64(0.0001), 'n_ancilla': np.int64(8), 'n_iters': np.int64(10000), 'n_ops': np.int64(1000), 'n_ops_score': np.int64(1000), 'n_samples': np.int64(1000), 'n_samples_score': np.int64(1000), 'n_sigmas': np.float64(1.0), 'param_noise': np.float64(0.0001), 'spin_sym': np.False_, 'stepsize': np.float64(0.0001)}",-0.01877253590319527,-0.01877253590319527,0.0,91
58,187.26549339294434,0.0,3.0401852130889893,0.0,200,4,local_gates,0.0001,8,10000,1000,1000,1000,1000,1.0,0.0001,False,0.001,"{'convergence_interval': np.int64(200), 'gate_arg2': np.int64(4), 'gate_fn': np.str_('local_gates'), 'init_scale': np.float64(0.0001), 'n_ancilla': np.int64(8), 'n_iters': np.int64(10000), 'n_ops': np.int64(1000), 'n_ops_score': np.int64(1000), 'n_samples': np.int64(1000), 'n_samples_score': np.int64(1000), 'n_sigmas': np.float64(1.0), 'param_noise': np.float64(0.0001), 'spin_sym': np.False_, 'stepsize': np.float64(0.001)}",-0.01831041145598935,-0.01831041145598935,0.0,75
59,152.9081974029541,0.0,3.1985583305358887,0.0,200,4,local_gates,0.0001,8,10000,1000,1000,1000,1000,1.0,0.0001,False,0.01,"{'convergence_interval': np.int64(200), 'gate_arg2': np.int64(4), 'gate_fn': np.str_('local_gates'), 'init_scale': np.float64(0.0001), 'n_ancilla': np.int64(8), 'n_iters': np.int64(10000), 'n_ops': np.int64(1000), 'n_ops_score': np.int64(1000), 'n_samples': np.int64(1000), 'n_samples_score': np.int64(1000), 'n_sigmas': np.float64(1.0), 'param_noise': np.float64(0.0001), 'spin_sym': np.False_, 'stepsize': np.float64(0.01)}",-0.013782800632402472,-0.013782800632402472,0.0,53
60,2772.914684534073,0.0,4.4589784145355225,0.0,200,4,local_gates,0.01,0,10000,1000,1000,1000,1000,1.0,0.0,False,0.0001,"{'convergence_interval': np.int64(200), 'gate_arg2': np.int64(4), 'gate_fn': np.str_('local_gates'), 'init_scale': np.float64(0.01), 'n_ancilla': np.int64(0), 'n_iters': np.int64(10000), 'n_ops': np.int64(1000), 'n_ops_score': np.int64(1000), 'n_samples': np.int64(1000), 'n_samples_score': np.int64(1000), 'n_sigmas': np.float64(1.0), 'param_noise': np.float64(0.0), 'spin_sym': np.False_, 'stepsize': np.float64(0.0001)}",-0.0071247000960794945,-0.0071247000960794945,0.0,17
61,445.82031893730164,0.0,4.031154632568359,0.0,200,4,local_gates,0.01,0,10000,1000,1000,1000,1000,1.0,0.0,False,0.001,"{'convergence_interval': np.int64(200), 'gate_arg2': np.int64(4), 'gate_fn': np.str_('local_gates'), 'init_scale': np.float64(0.01), 'n_ancilla': np.int64(0), 'n_iters': np.int64(10000), 'n_ops': np.int64(1000), 'n_ops_score': np.int64(1000), 'n_samples': np.int64(1000), 'n_samples_score': np.int64(1000), 'n_sigmas': np.float64(1.0), 'param_noise': np.float64(0.0), 'spin_sym': np.False_, 'stepsize': np.float64(0.001)}",-0.007114516864627792,-0.007114516864627792,0.0,16
62,202.35333347320557,0.0,3.423555374145508,0.0,200,4,local_gates,0.01,0,10000,1000,1000,1000,1000,1.0,0.0,False,0.01,"{'convergence_interval': np.int64(200), 'gate_arg2': np.int64(4), 'gate_fn': np.str_('local_gates'), 'init_scale': np.float64(0.01), 'n_ancilla': np.int64(0), 'n_iters': np.int64(10000), 'n_ops': np.int64(1000), 'n_ops_score': np.int64(1000), 'n_samples': np.int64(1000), 'n_samples_score': np.int64(1000), 'n_sigmas': np.float64(1.0), 'param_noise': np.float64(0.0), 'spin_sym': np.False_, 'stepsize': np.float64(0.01)}",-0.009058000167746364,-0.009058000167746364,0.0,30
63,2769.362445116043,0.0,4.166599988937378,0.0,200,4,local_gates,0.01,0,10000,1000,1000,1000,1000,1.0,0.0001,False,0.0001,"{'convergence_interval': np.int64(200), 'gate_arg2': np.int64(4), 'gate_fn': np.str_('local_gates'), 'init_scale': np.float64(0.01), 'n_ancilla': np.int64(0), 'n_iters': np.int64(10000), 'n_ops': np.int64(1000), 'n_ops_score': np.int64(1000), 'n_samples': np.int64(1000), 'n_samples_score': np.int64(1000), 'n_sigmas': np.float64(1.0), 'param_noise': np.float64(0.0001), 'spin_sym': np.False_, 'stepsize': np.float64(0.0001)}",-0.007158542147863196,-0.007158542147863196,0.0,18
64,447.5684173107147,0.0,4.316257953643799,0.0,200,4,local_gates,0.01,0,10000,1000,1000,1000,1000,1.0,0.0001,False,0.001,"{'convergence_interval': np.int64(200), 'gate_arg2': np.int64(4), 'gate_fn': np.str_('local_gates'), 'init_scale': np.float64(0.01), 'n_ancilla': np.int64(0), 'n_iters': np.int64(10000), 'n_ops': np.int64(1000), 'n_ops_score': np.int64(1000), 'n_samples': np.int64(1000), 'n_samples_score': np.int64(1000), 'n_sigmas': np.float64(1.0), 'param_noise': np.float64(0.0001), 'spin_sym': np.False_, 'stepsize': np.float64(0.001)}",-0.007114425946079961,-0.007114425946079961,0.0,15
65,455.1798400878906,0.0,3.977555274963379,0.0,200,4,local_gates,0.01,0,10000,1000,1000,1000,1000,1.0,0.0001,False,0.01,"{'convergence_interval': np.int64(200), 'gate_arg2': np.int64(4), 'gate_fn': np.str_('local_gates'), 'init_scale': np.float64(0.01), 'n_ancilla': np.int64(0), 'n_iters': np.int64(10000), 'n_ops': np.int64(1000), 'n_ops_score': np.int64(1000), 'n_samples': np.int64(1000), 'n_samples_score': np.int64(1000), 'n_sigmas': np.float64(1.0), 'param_noise': np.float64(0.0001), 'spin_sym': np.False_, 'stepsize': np.float64(0.01)}",-0.008941911204211901,-0.008941911204211901,0.0,29
66,637.1569697856903,0.0,6.229568243026733,0.0,200,4,local_gates,0.01,8,10000,1000,1000,1000,1000,1.0,0.0,False,0.0001,"{'convergence_interval': np.int64(200), 'gate_arg2': np.int64(4), 'gate_fn': np.str_('local_gates'), 'init_scale': np.float64(0.01), 'n_ancilla': np.int64(8), 'n_iters': np.int64(10000), 'n_ops': np.int64(1000), 'n_ops_score': np.int64(1000), 'n_samples': np.int64(1000), 'n_samples_score': np.int64(1000), 'n_sigmas': np.float64(1.0), 'param_noise': np.float64(0.0), 'spin_sym': np.False_, 'stepsize': np.float64(0.0001)}",-0.019071206916872793,-0.019071206916872793,0.0,99
67,505.49913263320923,0.0,4.602524757385254,0.0,200,4,local_gates,0.01,8,10000,1000,1000,1000,1000,1.0,0.0,False,0.001,"{'convergence_interval': np.int64(200), 'gate_arg2': np.int64(4), 'gate_fn': np.str_('local_gates'), 'init_scale': np.float64(0.01), 'n_ancilla': np.int64(8), 'n_iters': np.int64(10000), 'n_ops': np.int64(1000), 'n_ops_score': np.int64(1000), 'n_samples': np.int64(1000), 'n_samples_score': np.int64(1000), 'n_sigmas': np.float64(1.0), 'param_noise': np.float64(0.0), 'spin_sym': np.False_, 'stepsize': np.float64(0.001)}",-0.012944610024598685,-0.012944610024598685,0.0,41
68,168.24126172065735,0.0,4.1801393032073975,0.0,200,4,local_gates,0.01,8,10000,1000,1000,1000,1000,1.0,0.0,False,0.01,"{'convergence_interval': np.int64(200), 'gate_arg2': np.int64(4), 'gate_fn': np.str_('local_gates'), 'init_scale': np.float64(0.01), 'n_ancilla': np.int64(8), 'n_iters': np.int64(10000), 'n_ops': np.int64(1000), 'n_ops_score': np.int64(1000), 'n_samples': np.int64(1000), 'n_samples_score': np.int64(1000), 'n_sigmas': np.float64(1.0), 'param_noise': np.float64(0.0), 'spin_sym': np.False_, 'stepsize': np.float64(0.01)}",-0.013626962402538365,-0.013626962402538365,0.0,47
69,643.4989852905273,0.0,5.277816534042358,0.0,200,4,local_gates,0.01,8,10000,1000,1000,1000,1000,1.0,0.0001,False,0.0001,"{'convergence_interval': np.int64(200), 'gate_arg2': np.int64(4), 'gate_fn': np.str_('local_gates'), 'init_scale': np.float64(0.01), 'n_ancilla': np.int64(8), 'n_iters': np.int64(10000), 'n_ops': np.int64(1000), 'n_ops_score': np.int64(1000), 'n_samples': np.int64(1000), 'n_samples_score': np.int64(1000), 'n_sigmas': np.float64(1.0), 'param_noise': np.float64(0.0001), 'spin_sym': np.False_, 'stepsize': np.float64(0.0001)}",-0.019071206916872793,-0.019071206916872793,0.0,99
70,502.7676749229431,0.0,4.313269376754761,0.0,200,4,local_gates,0.01,8,10000,1000,1000,1000,1000,1.0,0.0001,False,0.001,"{'convergence_interval': np.int64(200), 'gate_arg2': np.int64(4), 'gate_fn': np.str_('local_gates'), 'init_scale': np.float64(0.01), 'n_ancilla': np.int64(8), 'n_iters': np.int64(10000), 'n_ops': np.int64(1000), 'n_ops_score': np.int64(1000), 'n_samples': np.int64(1000), 'n_samples_score': np.int64(1000), 'n_sigmas': np.float64(1.0), 'param_noise': np.float64(0.0001), 'spin_sym': np.False_, 'stepsize': np.float64(0.001)}",-0.012944610024598685,-0.012944610024598685,0.0,41
71,169.13116192817688,0.0,3.5338287353515625,0.0,200,4,local_gates,0.01,8,10000,1000,1000,1000,1000,1.0,0.0001,False,0.01,"{'convergence_interval': np.int64(200), 'gate_arg2': np.int64(4), 'gate_fn': np.str_('local_gates'), 'init_scale': np.float64(0.01), 'n_ancilla': np.int64(8), 'n_iters': np.int64(10000), 'n_ops': np.int64(1000), 'n_ops_score': np.int64(1000), 'n_samples': np.int64(1000), 'n_samples_score': np.int64(1000), 'n_sigmas': np.float64(1.0), 'param_noise': np.float64(0.0001), 'spin_sym': np.False_, 'stepsize': np.float64(0.01)}",-0.013626962402538365,-0.013626962402538365,0.0,47
72,3283.1433203220367,0.0,4.141342401504517,0.0,200,4,local_gates,1.0,0,10000,1000,1000,1000,1000,1.0,0.0,False,0.0001,"{'convergence_interval': np.int64(200), 'gate_arg2': np.int64(4), 'gate_fn': np.str_('local_gates'), 'init_scale': np.float64(1.0), 'n_ancilla': np.int64(0), 'n_iters': np.int64(10000), 'n_ops': np.int64(1000), 'n_ops_score': np.int64(1000), 'n_samples': np.int64(1000), 'n_samples_score': np.int64(1000), 'n_sigmas': np.float64(1.0), 'param_noise': np.float64(0.0), 'spin_sym': np.False_, 'stepsize': np.float64(0.0001)}",-0.010147037992064217,-0.010147037992064217,0.0,36
73,618.2303535938263,0.0,5.294690370559692,0.0,200,4,local_gates,1.0,0,10000,1000,1000,1000,1000,1.0,0.0,False,0.001,"{'convergence_interval': np.int64(200), 'gate_arg2': np.int64(4), 'gate_fn': np.str_('local_gates'), 'init_scale': np.float64(1.0), 'n_ancilla': np.int64(0), 'n_iters': np.int64(10000), 'n_ops': np.int64(1000), 'n_ops_score': np.int64(1000), 'n_samples': np.int64(1000), 'n_samples_score': np.int64(1000), 'n_sigmas': np.float64(1.0), 'param_noise': np.float64(0.0), 'spin_sym': np.False_, 'stepsize': np.float64(0.001)}",-0.009728843549956368,-0.009728843549956368,0.0,34
74,249.4497151374817,0.0,3.5538933277130127,0.0,200,4,local_gates,1.0,0,10000,1000,1000,1000,1000,1.0,0.0,False,0.01,"{'convergence_interval': np.int64(200), 'gate_arg2': np.int64(4), 'gate_fn': np.str_('local_gates'), 'init_scale': np.float64(1.0), 'n_ancilla': np.int64(0), 'n_iters': np.int64(10000), 'n_ops': np.int64(1000), 'n_ops_score': np.int64(1000), 'n_samples': np.int64(1000), 'n_samples_score': np.int64(1000), 'n_sigmas': np.float64(1.0), 'param_noise': np.float64(0.0), 'spin_sym': np.False_, 'stepsize': np.float64(0.01)}",-0.011025147792048395,-0.011025147792048395,0.0,39
75,3269.881583213806,0.0,3.7160074710845947,0.0,200,4,local_gates,1.0,0,10000,1000,1000,1000,1000,1.0,0.0001,False,0.0001,"{'convergence_interval': np.int64(200), 'gate_arg2': np.int64(4), 'gate_fn': np.str_('local_gates'), 'init_scale': np.float64(1.0), 'n_ancilla': np.int64(0), 'n_iters': np.int64(10000), 'n_ops': np.int64(1000), 'n_ops_score': np.int64(1000), 'n_samples': np.int64(1000), 'n_samples_score': np.int64(1000), 'n_sigmas': np.float64(1.0), 'param_noise': np.float64(0.0001), 'spin_sym': np.False_, 'stepsize': np.float64(0.0001)}",-0.0101472877189945,-0.0101472877189945,0.0,37
76,630.1676070690155,0.0,6.233407258987427,0.0,200,4,local_gates,1.0,0,10000,1000,1000,1000,1000,1.0,0.0001,False,0.001,"{'convergence_interval': np.int64(200), 'gate_arg2': np.int64(4), 'gate_fn': np.str_('local_gates'), 'init_scale': np.float64(1.0), 'n_ancilla': np.int64(0), 'n_iters': np.int64(10000), 'n_ops': np.int64(1000), 'n_ops_score': np.int64(1000), 'n_samples': np.int64(1000), 'n_samples_score': np.int64(1000), 'n_sigmas': np.float64(1.0), 'param_noise': np.float64(0.0001), 'spin_sym': np.False_, 'stepsize': np.float64(0.001)}",-0.00972856150696775,-0.00972856150696775,0.0,33
77,251.21244835853577,0.0,4.256625413894653,0.0,200,4,local_gates,1.0,0,10000,1000,1000,1000,1000,1.0,0.0001,False,0.01,"{'convergence_interval': np.int64(200), 'gate_arg2': np.int64(4), 'gate_fn': np.str_('local_gates'), 'init_scale': np.float64(1.0), 'n_ancilla': np.int64(0), 'n_iters': np.int64(10000), 'n_ops': np.int64(1000), 'n_ops_score': np.int64(1000), 'n_samples': np.int64(1000), 'n_samples_score': np.int64(1000), 'n_sigmas': np.float64(1.0), 'param_noise': np.float64(0.0001), 'spin_sym': np.False_, 'stepsize': np.float64(0.01)}",-0.011108043096788926,-0.011108043096788926,0.0,40
78,119.40406775474548,0.0,3.6275765895843506,0.0,200,4,local_gates,1.0,8,10000,1000,1000,1000,1000,1.0,0.0,False,0.0001,"{'convergence_interval': np.int64(200), 'gate_arg2': np.int64(4), 'gate_fn': np.str_('local_gates'), 'init_scale': np.float64(1.0), 'n_ancilla': np.int64(8), 'n_iters': np.int64(10000), 'n_ops': np.int64(1000), 'n_ops_score': np.int64(1000), 'n_samples': np.int64(1000), 'n_samples_score': np.int64(1000), 'n_sigmas': np.float64(1.0), 'param_noise': np.float64(0.0), 'spin_sym': np.False_, 'stepsize': np.float64(0.0001)}",-0.06954817710492708,-0.06954817710492708,0.0,125
79,330.10533475875854,0.0,4.694265842437744,0.0,200,4,local_gates,1.0,8,10000,1000,1000,1000,1000,1.0,0.0,False,0.001,"{'convergence_interval': np.int64(200), 'gate_arg2': np.int64(4), 'gate_fn': np.str_('local_gates'), 'init_scale': np.float64(1.0), 'n_ancilla': np.int64(8), 'n_iters': np.int64(10000), 'n_ops': np.int64(1000), 'n_ops_score': np.int64(1000), 'n_samples': np.int64(1000), 'n_samples_score': np.int64(1000), 'n_sigmas': np.float64(1.0), 'param_noise': np.float64(0.0), 'spin_sym': np.False_, 'stepsize': np.float64(0.001)}",-0.057791559828936315,-0.057791559828936315,0.0,115
80,213.87724995613098,0.0,3.6495556831359863,0.0,200,4,local_gates,1.0,8,10000,1000,1000,1000,1000,1.0,0.0,False,0.01,"{'convergence_interval': np.int64(200), 'gate_arg2': np.int64(4), 'gate_fn': np.str_('local_gates'), 'init_scale': np.float64(1.0), 'n_ancilla': np.int64(8), 'n_iters': np.int64(10000), 'n_ops': np.int64(1000), 'n_ops_score': np.int64(1000), 'n_samples': np.int64(1000), 'n_samples_score': np.int64(1000), 'n_sigmas': np.float64(1.0), 'param_noise': np.float64(0.0), 'spin_sym': np.False_, 'stepsize': np.float64(0.01)}",-0.014265760663493925,-0.014265760663493925,0.0,59
81,123.30880355834961,0.0,3.40730619430542,0.0,200,4,local_gates,1.0,8,10000,1000,1000,1000,1000,1.0,0.0001,False,0.0001,"{'convergence_interval': np.int64(200), 'gate_arg2': np.int64(4), 'gate_fn': np.str_('local_gates'), 'init_scale': np.float64(1.0), 'n_ancilla': np.int64(8), 'n_iters': np.int64(10000), 'n_ops': np.int64(1000), 'n_ops_score': np.int64(1000), 'n_samples': np.int64(1000), 'n_samples_score': np.int64(1000), 'n_sigmas': np.float64(1.0), 'param_noise': np.float64(0.0001), 'spin_sym': np.False_, 'stepsize': np.float64(0.0001)}",-0.06954817710492708,-0.06954817710492708,0.0,125
82,333.81589102745056,0.0,4.86591649055481,0.0,200,4,local_gates,1.0,8,10000,1000,1000,1000,1000,1.0,0.0001,False,0.001,"{'convergence_interval': np.int64(200), 'gate_arg2': np.int64(4), 'gate_fn': np.str_('local_gates'), 'init_scale': np.float64(1.0), 'n_ancilla': np.int64(8), 'n_iters': np.int64(10000), 'n_ops': np.int64(1000), 'n_ops_score': np.int64(1000), 'n_samples': np.int64(1000), 'n_samples_score': np.int64(1000), 'n_sigmas': np.float64(1.0), 'param_noise': np.float64(0.0001), 'spin_sym': np.False_, 'stepsize': np.float64(0.001)}",-0.057791559828936315,-0.057791559828936315,0.0,115
83,218.40438604354858,0.0,3.9980013370513916,0.0,200,4,local_gates,1.0,8,10000,1000,1000,1000,1000,1.0,0.0001,False,0.01,"{'convergence_interval': np.int64(200), 'gate_arg2': np.int64(4), 'gate_fn': np.str_('local_gates'), 'init_scale': np.float64(1.0), 'n_ancilla': np.int64(8), 'n_iters': np.int64(10000), 'n_ops': np.int64(1000), 'n_ops_score': np.int64(1000), 'n_samples': np.int64(1000), 'n_samples_score': np.int64(1000), 'n_sigmas': np.float64(1.0), 'param_noise': np.float64(0.0001), 'spin_sym': np.False_, 'stepsize': np.float64(0.01)}",-0.014265760663493925,-0.014265760663493925,0.0,59
84,3289.094744682312,0.0,3.902174472808838,0.0,200,4,local_gates,-1.0,0,10000,1000,1000,1000,1000,1.0,0.0,False,0.0001,"{'convergence_interval': np.int64(200), 'gate_arg2': np.int64(4), 'gate_fn': np.str_('local_gates'), 'init_scale': np.float64(-1.0), 'n_ancilla': np.int64(0), 'n_iters': np.int64(10000), 'n_ops': np.int64(1000), 'n_ops_score': np.int64(1000), 'n_samples': np.int64(1000), 'n_samples_score': np.int64(1000), 'n_sigmas': np.float64(1.0), 'param_noise': np.float64(0.0), 'spin_sym': np.False_, 'stepsize': np.float64(0.0001)}",-0.008404357788034254,-0.008404357788034254,0.0,28
85,757.8657796382904,0.0,6.227371454238892,0.0,200,4,local_gates,-1.0,0,10000,1000,1000,1000,1000,1.0,0.0,False,0.001,"{'convergence_interval': np.int64(200), 'gate_arg2': np.int64(4), 'gate_fn': np.str_('local_gates'), 'init_scale': np.float64(-1.0), 'n_ancilla': np.int64(0), 'n_iters': np.int64(10000), 'n_ops': np.int64(1000), 'n_ops_score': np.int64(1000), 'n_samples': np.int64(1000), 'n_samples_score': np.int64(1000), 'n_sigmas': np.float64(1.0), 'param_noise': np.float64(0.0), 'spin_sym': np.False_, 'stepsize': np.float64(0.001)}",-0.008328019861902796,-0.008328019861902796,0.0,25
86,235.23485779762268,0.0,5.823716878890991,0.0,200,4,local_gates,-1.0,0,10000,1000,1000,1000,1000,1.0,0.0,False,0.01,"{'convergence_interval': np.int64(200), 'gate_arg2': np.int64(4), 'gate_fn': np.str_('local_gates'), 'init_scale': np.float64(-1.0), 'n_ancilla': np.int64(0), 'n_iters': np.int64(10000), 'n_ops': np.int64(1000), 'n_ops_score': np.int64(1000), 'n_samples': np.int64(1000), 'n_samples_score': np.int64(1000), 'n_sigmas': np.float64(1.0), 'param_noise': np.float64(0.0), 'spin_sym': np.False_, 'stepsize': np.float64(0.01)}",-0.010159929943566104,-0.010159929943566104,0.0,38
87,3270.3448486328125,0.0,3.134202480316162,0.0,200,4,local_gates,-1.0,0,10000,1000,1000,1000,1000,1.0,0.0001,False,0.0001,"{'convergence_interval': np.int64(200), 'gate_arg2': np.int64(4), 'gate_fn': np.str_('local_gates'), 'init_scale': np.float64(-1.0), 'n_ancilla': np.int64(0), 'n_iters': np.int64(10000), 'n_ops': np.int64(1000), 'n_ops_score': np.int64(1000), 'n_samples': np.int64(1000), 'n_samples_score': np.int64(1000), 'n_sigmas': np.float64(1.0), 'param_noise': np.float64(0.0001), 'spin_sym': np.False_, 'stepsize': np.float64(0.0001)}",-0.008400638654157364,-0.008400638654157364,0.0,27
88,807.182870388031,0.0,7.175013542175293,0.0,200,4,local_gates,-1.0,0,10000,1000,1000,1000,1000,1.0,0.0001,False,0.001,"{'convergence_interval': np.int64(200), 'gate_arg2': np.int64(4), 'gate_fn': np.str_('local_gates'), 'init_scale': np.float64(-1.0), 'n_ancilla': np.int64(0), 'n_iters': np.int64(10000), 'n_ops': np.int64(1000), 'n_ops_score': np.int64(1000), 'n_samples': np.int64(1000), 'n_samples_score': np.int64(1000), 'n_sigmas': np.float64(1.0), 'param_noise': np.float64(0.0001), 'spin_sym': np.False_, 'stepsize': np.float64(0.001)}",-0.008330292209591089,-0.008330292209591089,0.0,26
89,237.80478239059448,0.0,4.387346029281616,0.0,200,4,local_gates,-1.0,0,10000,1000,1000,1000,1000,1.0,0.0001,False,0.01,"{'convergence_interval': np.int64(200), 'gate_arg2': np.int64(4), 'gate_fn': np.str_('local_gates'), 'init_scale': np.float64(-1.0), 'n_ancilla': np.int64(0), 'n_iters': np.int64(10000), 'n_ops': np.int64(1000), 'n_ops_score': np.int64(1000), 'n_samples': np.int64(1000), 'n_samples_score': np.int64(1000), 'n_sigmas': np.float64(1.0), 'param_noise': np.float64(0.0001), 'spin_sym': np.False_, 'stepsize': np.float64(0.01)}",-0.010134103715755603,-0.010134103715755603,0.0,35
90,122.07337999343872,0.0,3.430981397628784,0.0,200,4,local_gates,-1.0,8,10000,1000,1000,1000,1000,1.0,0.0,False,0.0001,"{'convergence_interval': np.int64(200), 'gate_arg2': np.int64(4), 'gate_fn': np.str_('local_gates'), 'init_scale': np.float64(-1.0), 'n_ancilla': np.int64(8), 'n_iters': np.int64(10000), 'n_ops': np.int64(1000), 'n_ops_score': np.int64(1000), 'n_samples': np.int64(1000), 'n_samples_score': np.int64(1000), 'n_sigmas': np.float64(1.0), 'param_noise': np.float64(0.0), 'spin_sym': np.False_, 'stepsize': np.float64(0.0001)}",-0.07085971881131899,-0.07085971881131899,0.0,131
91,345.13919496536255,0.0,4.91688346862793,0.0,200,4,local_gates,-1.0,8,10000,1000,1000,1000,1000,1.0,0.0,False,0.001,"{'convergence_interval': np.int64(200), 'gate_arg2': np.int64(4), 'gate_fn': np.str_('local_gates'), 'init_scale': np.float64(-1.0), 'n_ancilla': np.int64(8), 'n_iters': np.int64(10000), 'n_ops': np.int64(1000), 'n_ops_score': np.int64(1000), 'n_samples': np.int64(1000), 'n_samples_score': np.int64(1000), 'n_sigmas': np.float64(1.0), 'param_noise': np.float64(0.0), 'spin_sym': np.False_, 'stepsize': np.float64(0.001)}",-0.023079408552386677,-0.023079408552386677,0.0,107
92,283.5818510055542,0.0,4.122720956802368,0.0,200,4,local_gates,-1.0,8,10000,1000,1000,1000,1000,1.0,0.0,False,0.01,"{'convergence_interval': np.int64(200), 'gate_arg2': np.int64(4), 'gate_fn': np.str_('local_gates'), 'init_scale': np.float64(-1.0), 'n_ancilla': np.int64(8), 'n_iters': np.int64(10000), 'n_ops': np.int64(1000), 'n_ops_score': np.int64(1000), 'n_samples': np.int64(1000), 'n_samples_score': np.int64(1000), 'n_sigmas': np.float64(1.0), 'param_noise': np.float64(0.0), 'spin_sym': np.False_, 'stepsize': np.float64(0.01)}",-0.018047853262389967,-0.018047853262389967,0.0,67
93,124.7035026550293,0.0,4.015200138092041,0.0,200,4,local_gates,-1.0,8,10000,1000,1000,1000,1000,1.0,0.0001,False,0.0001,"{'convergence_interval': np.int64(200), 'gate_arg2': np.int64(4), 'gate_fn': np.str_('local_gates'), 'init_scale': np.float64(-1.0), 'n_ancilla': np.int64(8), 'n_iters': np.int64(10000), 'n_ops': np.int64(1000), 'n_ops_score': np.int64(1000), 'n_samples': np.int64(1000), 'n_samples_score': np.int64(1000), 'n_sigmas': np.float64(1.0), 'param_noise': np.float64(0.0001), 'spin_sym': np.False_, 'stepsize': np.float64(0.0001)}",-0.07085971881131899,-0.07085971881131899,0.0,131
94,353.41258788108826,0.0,4.838982343673706,0.0,200,4,local_gates,-1.0,8,10000,1000,1000,1000,1000,1.0,0.0001,False,0.001,"{'convergence_interval': np.int64(200), 'gate_arg2': np.int64(4), 'gate_fn': np.str_('local_gates'), 'init_scale': np.float64(-1.0), 'n_ancilla': np.int64(8), 'n_iters': np.int64(10000), 'n_ops': np.int64(1000), 'n_ops_score': np.int64(1000), 'n_samples': np.int64(1000), 'n_samples_score': np.int64(1000), 'n_sigmas': np.float64(1.0), 'param_noise': np.float64(0.0001), 'spin_sym': np.False_, 'stepsize': np.float64(0.001)}",-0.023079408552386677,-0.023079408552386677,0.0,107
95,286.3497357368469,0.0,4.308519124984741,0.0,200,4,local_gates,-1.0,8,10000,1000,1000,1000,1000,1.0,0.0001,False,0.01,"{'convergence_interval': np.int64(200), 'gate_arg2': np.int64(4), 'gate_fn': np.str_('local_gates'), 'init_scale': np.float64(-1.0), 'n_ancilla': np.int64(8), 'n_iters': np.int64(10000), 'n_ops': np.int64(1000), 'n_ops_score': np.int64(1000), 'n_samples': np.int64(1000), 'n_samples_score': np.int64(1000), 'n_sigmas': np.float64(1.0), 'param_noise': np.float64(0.0001), 'spin_sym': np.False_, 'stepsize': np.float64(0.01)}",-0.018047853262389967,-0.018047853262389967,0.0,67
96,4429.159640073776,0.0,3.212367534637451,0.0,200,6,local_gates,0.0001,0,10000,1000,1000,1000,1000,1.0,0.0,False,0.0001,"{'convergence_interval': np.int64(200), 'gate_arg2': np.int64(6), 'gate_fn': np.str_('local_gates'), 'init_scale': np.float64(0.0001), 'n_ancilla': np.int64(0), 'n_iters': np.int64(10000), 'n_ops': np.int64(1000), 'n_ops_score': np.int64(1000), 'n_samples': np.int64(1000), 'n_samples_score': np.int64(1000), 'n_sigmas': np.float64(1.0), 'param_noise': np.float64(0.0), 'spin_sym': np.False_, 'stepsize': np.float64(0.0001)}",-0.0034962446942673683,-0.0034962446942673683,0.0,9
97,2762.315183162689,0.0,7.020222187042236,0.0,200,6,local_gates,0.0001,0,10000,1000,1000,1000,1000,1.0,0.0,False,0.001,"{'convergence_interval': np.int64(200), 'gate_arg2': np.int64(6), 'gate_fn': np.str_('local_gates'), 'init_scale': np.float64(0.0001), 'n_ancilla': np.int64(0), 'n_iters': np.int64(10000), 'n_ops': np.int64(1000), 'n_ops_score': np.int64(1000), 'n_samples': np.int64(1000), 'n_samples_score': np.int64(1000), 'n_sigmas': np.float64(1.0), 'param_noise': np.float64(0.0), 'spin_sym': np.False_, 'stepsize': np.float64(0.001)}",-0.002242269773047488,-0.002242269773047488,0.0,2
98,866.8417148590088,0.0,11.340256452560425,0.0,200,6,local_gates,0.0001,0,10000,1000,1000,1000,1000,1.0,0.0,False,0.01,"{'convergence_interval': np.int64(200), 'gate_arg2': np.int64(6), 'gate_fn': np.str_('local_gates'), 'init_scale': np.float64(0.0001), 'n_ancilla': np.int64(0), 'n_iters': np.int64(10000), 'n_ops': np.int64(1000), 'n_ops_score': np.int64(1000), 'n_samples': np.int64(1000), 'n_samples_score': np.int64(1000), 'n_sigmas': np.float64(1.0), 'param_noise': np.float64(0.0), 'spin_sym': np.False_, 'stepsize': np.float64(0.01)}",-0.07189592689157953,-0.07189592689157953,0.0,144
99,4361.024293899536,0.0,3.48661470413208,0.0,200,6,local_gates,0.0001,0,10000,1000,1000,1000,1000,1.0,0.0001,False,0.0001,"{'convergence_interval': np.int64(200), 'gate_arg2': np.int64(6), 'gate_fn': np.str_('local_gates'), 'init_scale': np.float64(0.0001), 'n_ancilla': np.int64(0), 'n_iters': np.int64(10000), 'n_ops': np.int64(1000), 'n_ops_score': np.int64(1000), 'n_samples': np.int64(1000), 'n_samples_score': np.int64(1000), 'n_sigmas': np.float64(1.0), 'param_noise': np.float64(0.0001), 'spin_sym': np.False_, 'stepsize': np.float64(0.0001)}",-0.003701032151375425,-0.003701032151375425,0.0,10
100,3356.764324903488,0.0,5.389768838882446,0.0,200,6,local_gates,0.0001,0,10000,1000,1000,1000,1000,1.0,0.0001,False,0.001,"{'convergence_interval': np.int64(200), 'gate_arg2': np.int64(6), 'gate_fn': np.str_('local_gates'), 'init_scale': np.float64(0.0001), 'n_ancilla': np.int64(0), 'n_iters': np.int64(10000), 'n_ops': np.int64(1000), 'n_ops_score': np.int64(1000), 'n_samples': np.int64(1000), 'n_samples_score': np.int64(1000), 'n_sigmas': np.float64(1.0), 'param_noise': np.float64(0.0001), 'spin_sym': np.False_, 'stepsize': np.float64(0.001)}",-0.001906626050125849,-0.001906626050125849,0.0,1
101,893.3894414901733,0.0,10.912293910980225,0.0,200,6,local_gates,0.0001,0,10000,1000,1000,1000,1000,1.0,0.0001,False,0.01,"{'convergence_interval': np.int64(200), 'gate_arg2': np.int64(6), 'gate_fn': np.str_('local_gates'), 'init_scale': np.float64(0.0001), 'n_ancilla': np.int64(0), 'n_iters': np.int64(10000), 'n_ops': np.int64(1000), 'n_ops_score': np.int64(1000), 'n_samples': np.int64(1000), 'n_samples_score': np.int64(1000), 'n_sigmas': np.float64(1.0), 'param_noise': np.float64(0.0001), 'spin_sym': np.False_, 'stepsize': np.float64(0.01)}",-0.07152864951298628,-0.07152864951298628,0.0,140
102,1129.2595975399017,0.0,4.06965970993042,0.0,200,6,local_gates,0.0001,8,10000,1000,1000,1000,1000,1.0,0.0,False,0.0001,"{'convergence_interval': np.int64(200), 'gate_arg2': np.int64(6), 'gate_fn': np.str_('local_gates'), 'init_scale': np.float64(0.0001), 'n_ancilla': np.int64(8), 'n_iters': np.int64(10000), 'n_ops': np.int64(1000), 'n_ops_score': np.int64(1000), 'n_samples': np.int64(1000), 'n_samples_score': np.int64(1000), 'n_sigmas': np.float64(1.0), 'param_noise': np.float64(0.0), 'spin_sym': np.False_, 'stepsize': np.float64(0.0001)}",-0.01877253590319527,-0.01877253590319527,0.0,91
103,234.62923336029053,0.0,7.41745924949646,0.0,200,6,local_gates,0.0001,8,10000,1000,1000,1000,1000,1.0,0.0,False,0.001,"{'convergence_interval': np.int64(200), 'gate_arg2': np.int64(6), 'gate_fn': np.str_('local_gates'), 'init_scale': np.float64(0.0001), 'n_ancilla': np.int64(8), 'n_iters': np.int64(10000), 'n_ops': np.int64(1000), 'n_ops_score': np.int64(1000), 'n_samples': np.int64(1000), 'n_samples_score': np.int64(1000), 'n_sigmas': np.float64(1.0), 'param_noise': np.float64(0.0), 'spin_sym': np.False_, 'stepsize': np.float64(0.001)}",-0.01831041145598935,-0.01831041145598935,0.0,75
104,198.88086032867432,0.0,4.424215793609619,0.0,200,6,local_gates,0.0001,8,10000,1000,1000,1000,1000,1.0,0.0,False,0.01,"{'convergence_interval': np.int64(200), 'gate_arg2': np.int64(6), 'gate_fn': np.str_('local_gates'), 'init_scale': np.float64(0.0001), 'n_ancilla': np.int64(8), 'n_iters': np.int64(10000), 'n_ops': np.int64(1000), 'n_ops_score': np.int64(1000), 'n_samples': np.int64(1000), 'n_samples_score': np.int64(1000), 'n_sigmas': np.float64(1.0), 'param_noise': np.float64(0.0), 'spin_sym': np.False_, 'stepsize': np.float64(0.01)}",-0.013782800632402472,-0.013782800632402472,0.0,53
105,1143.8999979496002,0.0,5.452131032943726,0.0,200,6,local_gates,0.0001,8,10000,1000,1000,1000,1000,1.0,0.0001,False,0.0001,"{'convergence_interval': np.int64(200), 'gate_arg2': np.int64(6), 'gate_fn': np.str_('local_gates'), 'init_scale': np.float64(0.0001), 'n_ancilla': np.int64(8), 'n_iters': np.int64(10000), 'n_ops': np.int64(1000), 'n_ops_score': np.int64(1000), 'n_samples': np.int64(1000), 'n_samples_score': np.int64(1000), 'n_sigmas': np.float64(1.0), 'param_noise': np.float64(0.0001), 'spin_sym': np.False_, 'stepsize': np.float64(0.0001)}",-0.01877253590319527,-0.01877253590319527,0.0,91
106,235.21829795837402,0.0,4.963827610015869,0.0,200,6,local_gates,0.0001,8,10000,1000,1000,1000,1000,1.0,0.0001,False,0.001,"{'convergence_interval': np.int64(200), 'gate_arg2': np.int64(6), 'gate_fn': np.str_('local_gates'), 'init_scale': np.float64(0.0001), 'n_ancilla': np.int64(8), 'n_iters': np.int64(10000), 'n_ops': np.int64(1000), 'n_ops_score': np.int64(1000), 'n_samples': np.int64(1000), 'n_samples_score': np.int64(1000), 'n_sigmas': np.float64(1.0), 'param_noise': np.float64(0.0001), 'spin_sym': np.False_, 'stepsize': np.float64(0.001)}",-0.01831041145598935,-0.01831041145598935,0.0,75
107,196.98016166687012,0.0,5.5264434814453125,0.0,200,6,local_gates,0.0001,8,10000,1000,1000,1000,1000,1.0,0.0001,False,0.01,"{'convergence_interval': np.int64(200), 'gate_arg2': np.int64(6), 'gate_fn': np.str_('local_gates'), 'init_scale': np.float64(0.0001), 'n_ancilla': np.int64(8), 'n_iters': np.int64(10000), 'n_ops': np.int64(1000), 'n_ops_score': np.int64(1000), 'n_samples': np.int64(1000), 'n_samples_score': np.int64(1000), 'n_sigmas': np.float64(1.0), 'param_noise': np.float64(0.0001), 'spin_sym': np.False_, 'stepsize': np.float64(0.01)}",-0.013782800632402472,-0.013782800632402472,0.0,53
108,3372.7998938560486,0.0,4.4974353313446045,0.0,200,6,local_gates,0.01,0,10000,1000,1000,1000,1000,1.0,0.0,False,0.0001,"{'convergence_interval': np.int64(200), 'gate_arg2': np.int64(6), 'gate_fn': np.str_('local_gates'), 'init_scale': np.float64(0.01), 'n_ancilla': np.int64(0), 'n_iters': np.int64(10000), 'n_ops': np.int64(1000), 'n_ops_score': np.int64(1000), 'n_samples': np.int64(1000), 'n_samples_score': np.int64(1000), 'n_sigmas': np.float64(1.0), 'param_noise': np.float64(0.0), 'spin_sym': np.False_, 'stepsize': np.float64(0.0001)}",-0.004953730587220988,-0.004953730587220988,0.0,14
109,3977.8743958473206,0.0,4.1455934047698975,0.0,200,6,local_gates,0.01,0,10000,1000,1000,1000,1000,1.0,0.0,False,0.001,"{'convergence_interval': np.int64(200), 'gate_arg2': np.int64(6), 'gate_fn': np.str_('local_gates'), 'init_scale': np.float64(0.01), 'n_ancilla': np.int64(0), 'n_iters': np.int64(10000), 'n_ops': np.int64(1000), 'n_ops_score': np.int64(1000), 'n_samples': np.int64(1000), 'n_samples_score': np.int64(1000), 'n_sigmas': np.float64(1.0), 'param_noise': np.float64(0.0), 'spin_sym': np.False_, 'stepsize': np.float64(0.001)}",-0.002353301750542649,-0.002353301750542649,0.0,4
110,955.4574015140533,0.0,10.322897911071777,0.0,200,6,local_gates,0.01,0,10000,1000,1000,1000,1000,1.0,0.0,False,0.01,"{'convergence_interval': np.int64(200), 'gate_arg2': np.int64(6), 'gate_fn': np.str_('local_gates'), 'init_scale': np.float64(0.01), 'n_ancilla': np.int64(0), 'n_iters': np.int64(10000), 'n_ops': np.int64(1000), 'n_ops_score': np.int64(1000), 'n_samples': np.int64(1000), 'n_samples_score': np.int64(1000), 'n_sigmas': np.float64(1.0), 'param_noise': np.float64(0.0), 'spin_sym': np.False_, 'stepsize': np.float64(0.01)}",-0.07182124311581266,-0.07182124311581266,0.0,143
111,4284.117354393005,0.0,3.22759747505188,0.0,200,6,local_gates,0.01,0,10000,1000,1000,1000,1000,1.0,0.0001,False,0.0001,"{'convergence_interval': np.int64(200), 'gate_arg2': np.int64(6), 'gate_fn': np.str_('local_gates'), 'init_scale': np.float64(0.01), 'n_ancilla': np.int64(0), 'n_iters': np.int64(10000), 'n_ops': np.int64(1000), 'n_ops_score': np.int64(1000), 'n_samples': np.int64(1000), 'n_samples_score': np.int64(1000), 'n_sigmas': np.float64(1.0), 'param_noise': np.float64(0.0001), 'spin_sym': np.False_, 'stepsize': np.float64(0.0001)}",-0.004374899839370483,-0.004374899839370483,0.0,13
112,3757.6440584659576,0.0,4.452638626098633,0.0,200,6,local_gates,0.01,0,10000,1000,1000,1000,1000,1.0,0.0001,False,0.001,"{'convergence_interval': np.int64(200), 'gate_arg2': np.int64(6), 'gate_fn': np.str_('local_gates'), 'init_scale': np.float64(0.01), 'n_ancilla': np.int64(0), 'n_iters': np.int64(10000), 'n_ops': np.int64(1000), 'n_ops_score': np.int64(1000), 'n_samples': np.int64(1000), 'n_samples_score': np.int64(1000), 'n_sigmas': np.float64(1.0), 'param_noise': np.float64(0.0001), 'spin_sym': np.False_, 'stepsize': np.float64(0.001)}",-0.0023179391368456804,-0.0023179391368456804,0.0,3
113,958.4730441570282,0.0,10.366389751434326,0.0,200,6,local_gates,0.01,0,10000,1000,1000,1000,1000,1.0,0.0001,False,0.01,"{'convergence_interval': np.int64(200), 'gate_arg2': np.int64(6), 'gate_fn': np.str_('local_gates'), 'init_scale': np.float64(0.01), 'n_ancilla': np.int64(0), 'n_iters': np.int64(10000), 'n_ops': np.int64(1000), 'n_ops_score': np.int64(1000), 'n_samples': np.int64(1000), 'n_samples_score': np.int64(1000), 'n_sigmas': np.float64(1.0), 'param_noise': np.float64(0.0001), 'spin_sym': np.False_, 'stepsize': np.float64(0.01)}",-0.07143518759946463,-0.07143518759946463,0.0,138
114,884.9190990924835,0.0,5.0826966762542725,0.0,200,6,local_gates,0.01,8,10000,1000,1000,1000,1000,1.0,0.0,False,0.0001,"{'convergence_interval': np.int64(200), 'gate_arg2': np.int64(6), 'gate_fn': np.str_('local_gates'), 'init_scale': np.float64(0.01), 'n_ancilla': np.int64(8), 'n_iters': np.int64(10000), 'n_ops': np.int64(1000), 'n_ops_score': np.int64(1000), 'n_samples': np.int64(1000), 'n_samples_score': np.int64(1000), 'n_sigmas': np.float64(1.0), 'param_noise': np.float64(0.0), 'spin_sym': np.False_, 'stepsize': np.float64(0.0001)}",-0.019071206916872793,-0.019071206916872793,0.0,99
115,713.8579294681549,0.0,5.784810543060303,0.0,200,6,local_gates,0.01,8,10000,1000,1000,1000,1000,1.0,0.0,False,0.001,"{'convergence_interval': np.int64(200), 'gate_arg2': np.int64(6), 'gate_fn': np.str_('local_gates'), 'init_scale': np.float64(0.01), 'n_ancilla': np.int64(8), 'n_iters': np.int64(10000), 'n_ops': np.int64(1000), 'n_ops_score': np.int64(1000), 'n_samples': np.int64(1000), 'n_samples_score': np.int64(1000), 'n_sigmas': np.float64(1.0), 'param_noise': np.float64(0.0), 'spin_sym': np.False_, 'stepsize': np.float64(0.001)}",-0.012944610024598685,-0.012944610024598685,0.0,41
116,230.31069231033325,0.0,7.100234031677246,0.0,200,6,local_gates,0.01,8,10000,1000,1000,1000,1000,1.0,0.0,False,0.01,"{'convergence_interval': np.int64(200), 'gate_arg2': np.int64(6), 'gate_fn': np.str_('local_gates'), 'init_scale': np.float64(0.01), 'n_ancilla': np.int64(8), 'n_iters': np.int64(10000), 'n_ops': np.int64(1000), 'n_ops_score': np.int64(1000), 'n_samples': np.int64(1000), 'n_samples_score': np.int64(1000), 'n_sigmas': np.float64(1.0), 'param_noise': np.float64(0.0), 'spin_sym': np.False_, 'stepsize': np.float64(0.01)}",-0.013626962402538365,-0.013626962402538365,0.0,47
117,901.3497359752655,0.0,5.132432699203491,0.0,200,6,local_gates,0.01,8,10000,1000,1000,1000,1000,1.0,0.0001,False,0.0001,"{'convergence_interval': np.int64(200), 'gate_arg2': np.int64(6), 'gate_fn': np.str_('local_gates'), 'init_scale': np.float64(0.01), 'n_ancilla': np.int64(8), 'n_iters': np.int64(10000), 'n_ops': np.int64(1000), 'n_ops_score': np.int64(1000), 'n_samples': np.int64(1000), 'n_samples_score': np.int64(1000), 'n_sigmas': np.float64(1.0), 'param_noise': np.float64(0.0001), 'spin_sym': np.False_, 'stepsize': np.float64(0.0001)}",-0.019071206916872793,-0.019071206916872793,0.0,99
118,713.543021440506,0.0,6.5060203075408936,0.0,200,6,local_gates,0.01,8,10000,1000,1000,1000,1000,1.0,0.0001,False,0.001,"{'convergence_interval': np.int64(200), 'gate_arg2': np.int64(6), 'gate_fn': np.str_('local_gates'), 'init_scale': np.float64(0.01), 'n_ancilla': np.int64(8), 'n_iters': np.int64(10000), 'n_ops': np.int64(1000), 'n_ops_score': np.int64(1000), 'n_samples': np.int64(1000), 'n_samples_score': np.int64(1000), 'n_sigmas': np.float64(1.0), 'param_noise': np.float64(0.0001), 'spin_sym': np.False_, 'stepsize': np.float64(0.001)}",-0.012944610024598685,-0.012944610024598685,0.0,41
119,231.32647323608398,0.0,6.257193565368652,0.0,200,6,local_gates,0.01,8,10000,1000,1000,1000,1000,1.0,0.0001,False,0.01,"{'convergence_interval': np.int64(200), 'gate_arg2': np.int64(6), 'gate_fn': np.str_('local_gates'), 'init_scale': np.float64(0.01), 'n_ancilla': np.int64(8), 'n_iters': np.int64(10000), 'n_ops': np.int64(1000), 'n_ops_score': np.int64(1000), 'n_samples': np.int64(1000), 'n_samples_score': np.int64(1000), 'n_sigmas': np.float64(1.0), 'param_noise': np.float64(0.0001), 'spin_sym': np.False_, 'stepsize': np.float64(0.01)}",-0.013626962402538365,-0.013626962402538365,0.0,47
120,5494.378287553787,0.0,1.359450101852417,0.0,200,6,local_gates,1.0,0,10000,1000,1000,1000,1000,1.0,0.0,False,0.0001,"{'convergence_interval': np.int64(200), 'gate_arg2': np.int64(6), 'gate_fn': np.str_('local_gates'), 'init_scale': np.float64(1.0), 'n_ancilla': np.int64(0), 'n_iters': np.int64(10000), 'n_ops': np.int64(1000), 'n_ops_score': np.int64(1000), 'n_samples': np.int64(1000), 'n_samples_score': np.int64(1000), 'n_sigmas': np.float64(1.0), 'param_noise': np.float64(0.0), 'spin_sym': np.False_, 'stepsize': np.float64(0.0001)}",-0.007277015819444968,-0.007277015819444968,0.0,19
121,4785.239322423935,0.0,2.6769564151763916,0.0,200,6,local_gates,1.0,0,10000,1000,1000,1000,1000,1.0,0.0,False,0.001,"{'convergence_interval': np.int64(200), 'gate_arg2': np.int64(6), 'gate_fn': np.str_('local_gates'), 'init_scale': np.float64(1.0), 'n_ancilla': np.int64(0), 'n_iters': np.int64(10000), 'n_ops': np.int64(1000), 'n_ops_score': np.int64(1000), 'n_samples': np.int64(1000), 'n_samples_score': np.int64(1000), 'n_sigmas': np.float64(1.0), 'param_noise': np.float64(0.0), 'spin_sym': np.False_, 'stepsize': np.float64(0.001)}",-0.004081285768168566,-0.004081285768168566,0.0,12
122,967.3408725261688,0.0,9.890007734298706,0.0,200,6,local_gates,1.0,0,10000,1000,1000,1000,1000,1.0,0.0,False,0.01,"{'convergence_interval': np.int64(200), 'gate_arg2': np.int64(6), 'gate_fn': np.str_('local_gates'), 'init_scale': np.float64(1.0), 'n_ancilla': np.int64(0), 'n_iters': np.int64(10000), 'n_ops': np.int64(1000), 'n_ops_score': np.int64(1000), 'n_samples': np.int64(1000), 'n_samples_score': np.int64(1000), 'n_sigmas': np.float64(1.0), 'param_noise': np.float64(0.0), 'spin_sym': np.False_, 'stepsize': np.float64(0.01)}",-0.07147633381345594,-0.07147633381345594,0.0,139
123,5385.543093442917,0.0,2.199838638305664,0.0,200,6,local_gates,1.0,0,10000,1000,1000,1000,1000,1.0,0.0001,False,0.0001,"{'convergence_interval': np.int64(200), 'gate_arg2': np.int64(6), 'gate_fn': np.str_('local_gates'), 'init_scale': np.float64(1.0), 'n_ancilla': np.int64(0), 'n_iters': np.int64(10000), 'n_ops': np.int64(1000), 'n_ops_score': np.int64(1000), 'n_samples': np.int64(1000), 'n_samples_score': np.int64(1000), 'n_sigmas': np.float64(1.0), 'param_noise': np.float64(0.0001), 'spin_sym': np.False_, 'stepsize': np.float64(0.0001)}",-0.007571394173921321,-0.007571394173921321,0.0,20
124,4797.995507240295,0.0,2.6144375801086426,0.0,200,6,local_gates,1.0,0,10000,1000,1000,1000,1000,1.0,0.0001,False,0.001,"{'convergence_interval': np.int64(200), 'gate_arg2': np.int64(6), 'gate_fn': np.str_('local_gates'), 'init_scale': np.float64(1.0), 'n_ancilla': np.int64(0), 'n_iters': np.int64(10000), 'n_ops': np.int64(1000), 'n_ops_score': np.int64(1000), 'n_samples': np.int64(1000), 'n_samples_score': np.int64(1000), 'n_sigmas': np.float64(1.0), 'param_noise': np.float64(0.0001), 'spin_sym': np.False_, 'stepsize': np.float64(0.001)}",-0.0037081224281940257,-0.0037081224281940257,0.0,11
125,958.5198884010315,0.0,8.39892315864563,0.0,200,6,local_gates,1.0,0,10000,1000,1000,1000,1000,1.0,0.0001,False,0.01,"{'convergence_interval': np.int64(200), 'gate_arg2': np.int64(6), 'gate_fn': np.str_('local_gates'), 'init_scale': np.float64(1.0), 'n_ancilla': np.int64(0), 'n_iters': np.int64(10000), 'n_ops': np.int64(1000), 'n_ops_score': np.int64(1000), 'n_samples': np.int64(1000), 'n_samples_score': np.int64(1000), 'n_sigmas': np.float64(1.0), 'param_noise': np.float64(0.0001), 'spin_sym': np.False_, 'stepsize': np.float64(0.01)}",-0.07091557398955166,-0.07091557398955166,0.0,137
126,170.11142754554749,0.0,4.353555202484131,0.0,200,6,local_gates,1.0,8,10000,1000,1000,1000,1000,1.0,0.0,False,0.0001,"{'convergence_interval': np.int64(200), 'gate_arg2': np.int64(6), 'gate_fn': np.str_('local_gates'), 'init_scale': np.float64(1.0), 'n_ancilla': np.int64(8), 'n_iters': np.int64(10000), 'n_ops': np.int64(1000), 'n_ops_score': np.int64(1000), 'n_samples': np.int64(1000), 'n_samples_score': np.int64(1000), 'n_sigmas': np.float64(1.0), 'param_noise': np.float64(0.0), 'spin_sym': np.False_, 'stepsize': np.float64(0.0001)}",-0.06954817710492708,-0.06954817710492708,0.0,125
127,476.56789994239807,0.0,6.956900119781494,0.0,200,6,local_gates,1.0,8,10000,1000,1000,1000,1000,1.0,0.0,False,0.001,"{'convergence_interval': np.int64(200), 'gate_arg2': np.int64(6), 'gate_fn': np.str_('local_gates'), 'init_scale': np.float64(1.0), 'n_ancilla': np.int64(8), 'n_iters': np.int64(10000), 'n_ops': np.int64(1000), 'n_ops_score': np.int64(1000), 'n_samples': np.int64(1000), 'n_samples_score': np.int64(1000), 'n_sigmas': np.float64(1.0), 'param_noise': np.float64(0.0), 'spin_sym': np.False_, 'stepsize': np.float64(0.001)}",-0.057791559828936315,-0.057791559828936315,0.0,115
128,306.95284485816956,0.0,5.977306127548218,0.0,200,6,local_gates,1.0,8,10000,1000,1000,1000,1000,1.0,0.0,False,0.01,"{'convergence_interval': np.int64(200), 'gate_arg2': np.int64(6), 'gate_fn': np.str_('local_gates'), 'init_scale': np.float64(1.0), 'n_ancilla': np.int64(8), 'n_iters': np.int64(10000), 'n_ops': np.int64(1000), 'n_ops_score': np.int64(1000), 'n_samples': np.int64(1000), 'n_samples_score': np.int64(1000), 'n_sigmas': np.float64(1.0), 'param_noise': np.float64(0.0), 'spin_sym': np.False_, 'stepsize': np.float64(0.01)}",-0.014265760663493925,-0.014265760663493925,0.0,59
129,166.0553789138794,0.0,5.317241668701172,0.0,200,6,local_gates,1.0,8,10000,1000,1000,1000,1000,1.0,0.0001,False,0.0001,"{'convergence_interval': np.int64(200), 'gate_arg2': np.int64(6), 'gate_fn': np.str_('local_gates'), 'init_scale': np.float64(1.0), 'n_ancilla': np.int64(8), 'n_iters': np.int64(10000), 'n_ops': np.int64(1000), 'n_ops_score': np.int64(1000), 'n_samples': np.int64(1000), 'n_samples_score': np.int64(1000), 'n_sigmas': np.float64(1.0), 'param_noise': np.float64(0.0001), 'spin_sym': np.False_, 'stepsize': np.float64(0.0001)}",-0.06954817710492708,-0.06954817710492708,0.0,125
130,480.75023651123047,0.0,5.294991731643677,0.0,200,6,local_gates,1.0,8,10000,1000,1000,1000,1000,1.0,0.0001,False,0.001,"{'convergence_interval': np.int64(200), 'gate_arg2': np.int64(6), 'gate_fn': np.str_('local_gates'), 'init_scale': np.float64(1.0), 'n_ancilla': np.int64(8), 'n_iters': np.int64(10000), 'n_ops': np.int64(1000), 'n_ops_score': np.int64(1000), 'n_samples': np.int64(1000), 'n_samples_score': np.int64(1000), 'n_sigmas': np.float64(1.0), 'param_noise': np.float64(0.0001), 'spin_sym': np.False_, 'stepsize': np.float64(0.001)}",-0.057791559828936315,-0.057791559828936315,0.0,115
131,310.42325806617737,0.0,7.1745336055755615,0.0,200,6,local_gates,1.0,8,10000,1000,1000,1000,1000,1.0,0.0001,False,0.01,"{'convergence_interval': np.int64(200), 'gate_arg2': np.int64(6), 'gate_fn': np.str_('local_gates'), 'init_scale': np.float64(1.0), 'n_ancilla': np.int64(8), 'n_iters': np.int64(10000), 'n_ops': np.int64(1000), 'n_ops_score': np.int64(1000), 'n_samples': np.int64(1000), 'n_samples_score': np.int64(1000), 'n_sigmas': np.float64(1.0), 'param_noise': np.float64(0.0001), 'spin_sym': np.False_, 'stepsize': np.float64(0.01)}",-0.014265760663493925,-0.014265760663493925,0.0,59
132,5189.7151935100555,0.0,2.2455804347991943,0.0,200,6,local_gates,-1.0,0,10000,1000,1000,1000,1000,1.0,0.0,False,0.0001,"{'convergence_interval': np.int64(200), 'gate_arg2': np.int64(6), 'gate_fn': np.str_('local_gates'), 'init_scale': np.float64(-1.0), 'n_ancilla': np.int64(0), 'n_iters': np.int64(10000), 'n_ops': np.int64(1000), 'n_ops_score': np.int64(1000), 'n_samples': np.int64(1000), 'n_samples_score': np.int64(1000), 'n_sigmas': np.float64(1.0), 'param_noise': np.float64(0.0), 'spin_sym': np.False_, 'stepsize': np.float64(0.0001)}",-0.0026889384333902244,-0.0026889384333902244,0.0,6
133,2320.5936448574066,0.0,6.323400020599365,0.0,200,6,local_gates,-1.0,0,10000,1000,1000,1000,1000,1.0,0.0,False,0.001,"{'convergence_interval': np.int64(200), 'gate_arg2': np.int64(6), 'gate_fn': np.str_('local_gates'), 'init_scale': np.float64(-1.0), 'n_ancilla': np.int64(0), 'n_iters': np.int64(10000), 'n_ops': np.int64(1000), 'n_ops_score': np.int64(1000), 'n_samples': np.int64(1000), 'n_samples_score': np.int64(1000), 'n_sigmas': np.float64(1.0), 'param_noise': np.float64(0.0), 'spin_sym': np.False_, 'stepsize': np.float64(0.001)}",-0.0030052804359981663,-0.0030052804359981663,0.0,8
134,909.8326725959778,0.0,8.120063304901123,0.0,200,6,local_gates,-1.0,0,10000,1000,1000,1000,1000,1.0,0.0,False,0.01,"{'convergence_interval': np.int64(200), 'gate_arg2': np.int64(6), 'gate_fn': np.str_('local_gates'), 'init_scale': np.float64(-1.0), 'n_ancilla': np.int64(0), 'n_iters': np.int64(10000), 'n_ops': np.int64(1000), 'n_ops_score': np.int64(1000), 'n_samples': np.int64(1000), 'n_samples_score': np.int64(1000), 'n_sigmas': np.float64(1.0), 'param_noise': np.float64(0.0), 'spin_sym': np.False_, 'stepsize': np.float64(0.01)}",-0.07168105367007291,-0.07168105367007291,0.0,142
135,5038.975530385971,0.0,1.8007128238677979,0.0,200,6,local_gates,-1.0,0,10000,1000,1000,1000,1000,1.0,0.0001,False,0.0001,"{'convergence_interval': np.int64(200), 'gate_arg2': np.int64(6), 'gate_fn': np.str_('local_gates'), 'init_scale': np.float64(-1.0), 'n_ancilla': np.int64(0), 'n_iters': np.int64(10000), 'n_ops': np.int64(1000), 'n_ops_score': np.int64(1000), 'n_samples': np.int64(1000), 'n_samples_score': np.int64(1000), 'n_sigmas': np.float64(1.0), 'param_noise': np.float64(0.0001), 'spin_sym': np.False_, 'stepsize': np.float64(0.0001)}",-0.002660034741813644,-0.002660034741813644,0.0,5
136,2785.513813018799,0.0,4.715326309204102,0.0,200,6,local_gates,-1.0,0,10000,1000,1000,1000,1000,1.0,0.0001,False,0.001,"{'convergence_interval': np.int64(200), 'gate_arg2': np.int64(6), 'gate_fn': np.str_('local_gates'), 'init_scale': np.float64(-1.0), 'n_ancilla': np.int64(0), 'n_iters': np.int64(10000), 'n_ops': np.int64(1000), 'n_ops_score': np.int64(1000), 'n_samples': np.int64(1000), 'n_samples_score': np.int64(1000), 'n_sigmas': np.float64(1.0), 'param_noise': np.float64(0.0001), 'spin_sym': np.False_, 'stepsize': np.float64(0.001)}",-0.002853612748113168,-0.002853612748113168,0.0,7
137,833.1788382530212,0.0,8.10476303100586,0.0,200,6,local_gates,-1.0,0,10000,1000,1000,1000,1000,1.0,0.0001,False,0.01,"{'convergence_interval': np.int64(200), 'gate_arg2': np.int64(6), 'gate_fn': np.str_('local_gates'), 'init_scale': np.float64(-1.0), 'n_ancilla': np.int64(0), 'n_iters': np.int64(10000), 'n_ops': np.int64(1000), 'n_ops_score': np.int64(1000), 'n_samples': np.int64(1000), 'n_samples_score': np.int64(1000), 'n_sigmas': np.float64(1.0), 'param_noise': np.float64(0.0001), 'spin_sym': np.False_, 'stepsize': np.float64(0.01)}",-0.07160812653588222,-0.07160812653588222,0.0,141
138,171.40980863571167,0.0,6.512921571731567,0.0,200,6,local_gates,-1.0,8,10000,1000,1000,1000,1000,1.0,0.0,False,0.0001,"{'convergence_interval': np.int64(200), 'gate_arg2': np.int64(6), 'gate_fn': np.str_('local_gates'), 'init_scale': np.float64(-1.0), 'n_ancilla': np.int64(8), 'n_iters': np.int64(10000), 'n_ops': np.int64(1000), 'n_ops_score': np.int64(1000), 'n_samples': np.int64(1000), 'n_samples_score': np.int64(1000), 'n_sigmas': np.float64(1.0), 'param_noise': np.float64(0.0), 'spin_sym': np.False_, 'stepsize': np.float64(0.0001)}",-0.07085971881131899,-0.07085971881131899,0.0,131
139,437.16833996772766,0.0,4.370619535446167,0.0,200,6,local_gates,-1.0,8,10000,1000,1000,1000,1000,1.0,0.0,False,0.001,"{'convergence_interval': np.int64(200), 'gate_arg2': np.int64(6), 'gate_fn': np.str_('local_gates'), 'init_scale': np.float64(-1.0), 'n_ancilla': np.int64(8), 'n_iters': np.int64(10000), 'n_ops': np.int64(1000), 'n_ops_score': np.int64(1000), 'n_samples': np.int64(1000), 'n_samples_score': np.int64(1000), 'n_sigmas': np.float64(1.0), 'param_noise': np.float64(0.0), 'spin_sym': np.False_, 'stepsize': np.float64(0.001)}",-0.023079408552386677,-0.023079408552386677,0.0,107
140,363.87384247779846,0.0,5.470398664474487,0.0,200,6,local_gates,-1.0,8,10000,1000,1000,1000,1000,1.0,0.0,False,0.01,"{'convergence_interval': np.int64(200), 'gate_arg2': np.int64(6), 'gate_fn': np.str_('local_gates'), 'init_scale': np.float64(-1.0), 'n_ancilla': np.int64(8), 'n_iters': np.int64(10000), 'n_ops': np.int64(1000), 'n_ops_score': np.int64(1000), 'n_samples': np.int64(1000), 'n_samples_score': np.int64(1000), 'n_sigmas': np.float64(1.0), 'param_noise': np.float64(0.0), 'spin_sym': np.False_, 'stepsize': np.float64(0.01)}",-0.018047853262389967,-0.018047853262389967,0.0,67
141,171.27847337722778,0.0,5.338636636734009,0.0,200,6,local_gates,-1.0,8,10000,1000,1000,1000,1000,1.0,0.0001,False,0.0001,"{'convergence_interval': np.int64(200), 'gate_arg2': np.int64(6), 'gate_fn': np.str_('local_gates'), 'init_scale': np.float64(-1.0), 'n_ancilla': np.int64(8), 'n_iters': np.int64(10000), 'n_ops': np.int64(1000), 'n_ops_score': np.int64(1000), 'n_samples': np.int64(1000), 'n_samples_score': np.int64(1000), 'n_sigmas': np.float64(1.0), 'param_noise': np.float64(0.0001), 'spin_sym': np.False_, 'stepsize': np.float64(0.0001)}",-0.07085971881131899,-0.07085971881131899,0.0,131
142,417.9848635196686,0.0,4.5273542404174805,0.0,200,6,local_gates,-1.0,8,10000,1000,1000,1000,1000,1.0,0.0001,False,0.001,"{'convergence_interval': np.int64(200), 'gate_arg2': np.int64(6), 'gate_fn': np.str_('local_gates'), 'init_scale': np.float64(-1.0), 'n_ancilla': np.int64(8), 'n_iters': np.int64(10000), 'n_ops': np.int64(1000), 'n_ops_score': np.int64(1000), 'n_samples': np.int64(1000), 'n_samples_score': np.int64(1000), 'n_sigmas': np.float64(1.0), 'param_noise': np.float64(0.0001), 'spin_sym': np.False_, 'stepsize': np.float64(0.001)}",-0.023079408552386677,-0.023079408552386677,0.0,107
143,366.6079103946686,0.0,5.530234336853027,0.0,200,6,local_gates,-1.0,8,10000,1000,1000,1000,1000,1.0,0.0001,False,0.01,"{'convergence_interval': np.int64(200), 'gate_arg2': np.int64(6), 'gate_fn': np.str_('local_gates'), 'init_scale': np.float64(-1.0), 'n_ancilla': np.int64(8), 'n_iters': np.int64(10000), 'n_ops': np.int64(1000), 'n_ops_score': np.int64(1000), 'n_samples': np.int64(1000), 'n_samples_score': np.int64(1000), 'n_sigmas': np.float64(1.0), 'param_noise': np.float64(0.0001), 'spin_sym': np.False_, 'stepsize': np.float64(0.01)}",-0.018047853262389967,-0.018047853262389967,0.0,67
